Mayamatam vastu 	328 Pages	2002
Vastu for House eBook - Vastu 	30 Pages	2010
Saral Vastu 	258 Pages	2001
MARMA 	86 Pages	2011
Saral Vastu 	96 Pages	2004
Saral Vastu 	258 Pages	2001
Atma Siddhi 	147 Pages	2010
MARMA 	86 Pages	2011
Buddha Nature: the Mahayana Uttaratantra 	410 Pages	2009
Brihat Parashara Hora 	105 Pages	2016
Mayamatam vastu 	328 Pages	2002
Vastu for House eBook - Vastu 	30 Pages	2010
Saral Vastu 	258 Pages	2001
MARMA 	86 Pages	2011
Saral Vastu 	96 Pages	2004
Saral Vastu 	258 Pages	2001
Atma Siddhi 	147 Pages	2010
MARMA 	86 Pages	2011
Buddha Nature: the Mahayana Uttaratantra 	410 Pages	2009
Brihat Parashara Hora 	105 Pages	2016
Mayamatam vastu 	328 Pages	2002
Vastu for House eBook - Vastu 	30 Pages	2010
Saral Vastu 	258 Pages	2001
MARMA 	86 Pages	2011
Saral Vastu 	96 Pages	2004
Saral Vastu 	258 Pages	2001
Atma Siddhi 	147 Pages	2010
MARMA 	86 Pages	2011
Buddha Nature: the Mahayana Uttaratantra 	410 Pages	2009
Brihat Parashara Hora 	105 Pages	2016
Mayamatam vastu 	328 Pages	2002
Vastu for House eBook - Vastu 	30 Pages	2010
Saral Vastu 	258 Pages	2001
MARMA 	86 Pages	2011
Saral Vastu 	96 Pages	2004
Saral Vastu 	258 Pages	2001
Atma Siddhi 	147 Pages	2010
MARMA 	86 Pages	2011
Buddha Nature: the Mahayana Uttaratantra 	410 Pages	2009
Brihat Parashara Hora 	105 Pages	2016
Mayamatam vastu 	328 Pages	2002
Vastu for House eBook - Vastu 	30 Pages	2010
Saral Vastu 	258 Pages	2001
MARMA 	86 Pages	2011
Saral Vastu 	96 Pages	2004
Saral Vastu 	258 Pages	2001
Atma Siddhi 	147 Pages	2010
MARMA 	86 Pages	2011
Buddha Nature: the Mahayana Uttaratantra 	410 Pages	2009
Brihat Parashara Hora 	105 Pages	2016
Mayamatam vastu 	328 Pages	2002
Vastu for House eBook - Vastu 	30 Pages	2010
Saral Vastu 	258 Pages	2001
MARMA 	86 Pages	2011
Saral Vastu 	96 Pages	2004
Saral Vastu 	258 Pages	2001
Atma Siddhi 	147 Pages	2010
MARMA 	86 Pages	2011
Buddha Nature: the Mahayana Uttaratantra 	410 Pages	2009
Brihat Parashara Hora 	105 Pages	2016
Mayamatam vastu 	328 Pages	2002
Vastu for House eBook - Vastu 	30 Pages	2010
Saral Vastu 	258 Pages	2001
MARMA 	86 Pages	2011
Saral Vastu 	96 Pages	2004
Saral Vastu 	258 Pages	2001
Atma Siddhi 	147 Pages	2010
MARMA 	86 Pages	2011
Buddha Nature: the Mahayana Uttaratantra 	410 Pages	2009
Brihat Parashara Hora 	105 Pages	2016
Mayamatam vastu 	328 Pages	2002
Vastu for House eBook - Vastu 	30 Pages	2010
Saral Vastu 	258 Pages	2001
MARMA 	86 Pages	2011
Saral Vastu 	96 Pages	2004
Saral Vastu 	258 Pages	2001
Atma Siddhi 	147 Pages	2010
MARMA 	86 Pages	2011
Buddha Nature: the Mahayana Uttaratantra 	410 Pages	2009
Brihat Parashara Hora 	105 Pages	2016
Mayamatam vastu 	328 Pages	2002
Vastu for House eBook - Vastu 	30 Pages	2010
Saral Vastu 	258 Pages	2001
MARMA 	86 Pages	2011
Saral Vastu 	96 Pages	2004
Saral Vastu 	258 Pages	2001
Atma Siddhi 	147 Pages	2010
MARMA 	86 Pages	2011
Buddha Nature: the Mahayana Uttaratantra 	410 Pages	2009
Brihat Parashara Hora 	105 Pages	2016
Mayamatam vastu 	328 Pages	2002
Vastu for House eBook - Vastu 	30 Pages	2010
Saral Vastu 	258 Pages	2001
MARMA 	86 Pages	2011
Saral Vastu 	96 Pages	2004
Saral Vastu 	258 Pages	2001
Atma Siddhi 	147 Pages	2010
MARMA 	86 Pages	2011
Buddha Nature: the Mahayana Uttaratantra 	410 Pages	2009
Brihat Parashara Hora 	105 Pages	2016
Mayamatam vastu 	328 Pages	2002
Vastu for House eBook - Vastu 	30 Pages	2010
Saral Vastu 	258 Pages	2001
MARMA 	86 Pages	2011
Saral Vastu 	96 Pages	2004
Saral Vastu 	258 Pages	2001
Atma Siddhi 	147 Pages	2010
MARMA 	86 Pages	2011
Buddha Nature: the Mahayana Uttaratantra 	410 Pages	2009
Brihat Parashara Hora 	105 Pages	2016
Mayamatam vastu 	328 Pages	2002
Vastu for House eBook - Vastu 	30 Pages	2010
Saral Vastu 	258 Pages	2001
MARMA 	86 Pages	2011
Saral Vastu 	96 Pages	2004
Saral Vastu 	258 Pages	2001
Atma Siddhi 	147 Pages	2010
MARMA 	86 Pages	2011
Buddha Nature: the Mahayana Uttaratantra 	410 Pages	2009
Brihat Parashara Hora 	105 Pages	2016
Mayamatam vastu 	328 Pages	2002
Vastu for House eBook - Vastu 	30 Pages	2010
Saral Vastu 	258 Pages	2001
MARMA 	86 Pages	2011
Saral Vastu 	96 Pages	2004
Saral Vastu 	258 Pages	2001
Atma Siddhi 	147 Pages	2010
MARMA 	86 Pages	2011
Buddha Nature: the Mahayana Uttaratantra 	410 Pages	2009
Brihat Parashara Hora 	105 Pages	2016
Mayamatam vastu 	328 Pages	2002
Vastu for House eBook - Vastu 	30 Pages	2010
Saral Vastu 	258 Pages	2001
MARMA 	86 Pages	2011
Saral Vastu 	96 Pages	2004
Saral Vastu 	258 Pages	2001
Atma Siddhi 	147 Pages	2010
MARMA 	86 Pages	2011
Buddha Nature: the Mahayana Uttaratantra 	410 Pages	2009
Brihat Parashara Hora 	105 Pages	2016
Mayamatam vastu 	328 Pages	2002
Vastu for House eBook - Vastu 	30 Pages	2010
Saral Vastu 	258 Pages	2001
MARMA 	86 Pages	2011
Saral Vastu 	96 Pages	2004
Saral Vastu 	258 Pages	2001
Atma Siddhi 	147 Pages	2010
MARMA 	86 Pages	2011
Buddha Nature: the Mahayana Uttaratantra 	410 Pages	2009
Brihat Parashara Hora 	105 Pages	2016
Mayamatam vastu 	328 Pages	2002
Vastu for House eBook - Vastu 	30 Pages	2010
Saral Vastu 	258 Pages	2001
MARMA 	86 Pages	2011
Saral Vastu 	96 Pages	2004
Saral Vastu 	258 Pages	2001
Atma Siddhi 	147 Pages	2010
MARMA 	86 Pages	2011
Buddha Nature: the Mahayana Uttaratantra 	410 Pages	2009
Brihat Parashara Hora 	105 Pages	2016
Mayamatam vastu 	328 Pages	2002
Vastu for House eBook - Vastu 	30 Pages	2010
Saral Vastu 	258 Pages	2001
MARMA 	86 Pages	2011
Saral Vastu 	96 Pages	2004
Saral Vastu 	258 Pages	2001
Atma Siddhi 	147 Pages	2010
MARMA 	86 Pages	2011
Buddha Nature: the Mahayana Uttaratantra 	410 Pages	2009
Brihat Parashara Hora 	105 Pages	2016
Mayamatam vastu 	328 Pages	2002
Vastu for House eBook - Vastu 	30 Pages	2010
Saral Vastu 	258 Pages	2001
MARMA 	86 Pages	2011
Saral Vastu 	96 Pages	2004
Saral Vastu 	258 Pages	2001
Atma Siddhi 	147 Pages	2010
MARMA 	86 Pages	2011
Buddha Nature: the Mahayana Uttaratantra 	410 Pages	2009
Brihat Parashara Hora 	105 Pages	2016
Mayamatam vastu 	328 Pages	2002
Vastu for House eBook - Vastu 	30 Pages	2010
Saral Vastu 	258 Pages	2001
MARMA 	86 Pages	2011
Saral Vastu 	96 Pages	2004
Saral Vastu 	258 Pages	2001
Atma Siddhi 	147 Pages	2010
MARMA 	86 Pages	2011
Buddha Nature: the Mahayana Uttaratantra 	410 Pages	2009
Brihat Parashara Hora 	105 Pages	2016
Mayamatam vastu 	328 Pages	2002
Vastu for House eBook - Vastu 	30 Pages	2010
Saral Vastu 	258 Pages	2001
MARMA 	86 Pages	2011
Saral Vastu 	96 Pages	2004
Saral Vastu 	258 Pages	2001
Atma Siddhi 	147 Pages	2010
MARMA 	86 Pages	2011
Buddha Nature: the Mahayana Uttaratantra 	410 Pages	2009
Brihat Parashara Hora 	105 Pages	2016
Mayamatam vastu 	328 Pages	2002
Vastu for House eBook - Vastu 	30 Pages	2010
Saral Vastu 	258 Pages	2001
MARMA 	86 Pages	2011
Saral Vastu 	96 Pages	2004
Saral Vastu 	258 Pages	2001
Atma Siddhi 	147 Pages	2010
MARMA 	86 Pages	2011
Buddha Nature: the Mahayana Uttaratantra 	410 Pages	2009
Brihat Parashara Hora 	105 Pages	2016
Mayamatam vastu 	328 Pages	2002
Vastu for House eBook - Vastu 	30 Pages	2010
Saral Vastu 	258 Pages	2001
MARMA 	86 Pages	2011
Saral Vastu 	96 Pages	2004
Saral Vastu 	258 Pages	2001
Atma Siddhi 	147 Pages	2010
MARMA 	86 Pages	2011
Buddha Nature: the Mahayana Uttaratantra 	410 Pages	2009
Brihat Parashara Hora 	105 Pages	2016
Mayamatam vastu 	328 Pages	2002
Vastu for House eBook - Vastu 	30 Pages	2010
Saral Vastu 	258 Pages	2001
MARMA 	86 Pages	2011
Saral Vastu 	96 Pages	2004
Saral Vastu 	258 Pages	2001
Atma Siddhi 	147 Pages	2010
MARMA 	86 Pages	2011
Buddha Nature: the Mahayana Uttaratantra 	410 Pages	2009
Brihat Parashara Hora 	105 Pages	2016
Mayamatam vastu 	328 Pages	2002
Vastu for House eBook - Vastu 	30 Pages	2010
Saral Vastu 	258 Pages	2001
MARMA 	86 Pages	2011
Saral Vastu 	96 Pages	2004
Saral Vastu 	258 Pages	2001
Atma Siddhi 	147 Pages	2010
MARMA 	86 Pages	2011
Buddha Nature: the Mahayana Uttaratantra 	410 Pages	2009
Brihat Parashara Hora 	105 Pages	2016
Mayamatam vastu 	328 Pages	2002
Vastu for House eBook - Vastu 	30 Pages	2010
Saral Vastu 	258 Pages	2001
MARMA 	86 Pages	2011
Saral Vastu 	96 Pages	2004
Saral Vastu 	258 Pages	2001
Atma Siddhi 	147 Pages	2010
MARMA 	86 Pages	2011
Buddha Nature: the Mahayana Uttaratantra 	410 Pages	2009
Brihat Parashara Hora 	105 Pages	2016
Mayamatam vastu 	328 Pages	2002
Vastu for House eBook - Vastu 	30 Pages	2010
Saral Vastu 	258 Pages	2001
MARMA 	86 Pages	2011
Saral Vastu 	96 Pages	2004
Saral Vastu 	258 Pages	2001
Atma Siddhi 	147 Pages	2010
MARMA 	86 Pages	2011
Buddha Nature: the Mahayana Uttaratantra 	410 Pages	2009
Brihat Parashara Hora 	105 Pages	2016
Mayamatam vastu 	328 Pages	2002
Vastu for House eBook - Vastu 	30 Pages	2010
Saral Vastu 	258 Pages	2001
MARMA 	86 Pages	2011
Saral Vastu 	96 Pages	2004
Saral Vastu 	258 Pages	2001
Atma Siddhi 	147 Pages	2010
MARMA 	86 Pages	2011
Buddha Nature: the Mahayana Uttaratantra 	410 Pages	2009
Brihat Parashara Hora 	105 Pages	2016
Mayamatam vastu 	328 Pages	2002
Vastu for House eBook - Vastu 	30 Pages	2010
Saral Vastu 	258 Pages	2001
MARMA 	86 Pages	2011
Saral Vastu 	96 Pages	2004
Saral Vastu 	258 Pages	2001
Atma Siddhi 	147 Pages	2010
MARMA 	86 Pages	2011
Buddha Nature: the Mahayana Uttaratantra 	410 Pages	2009
Brihat Parashara Hora 	105 Pages	2016
Mayamatam vastu 	328 Pages	2002
Vastu for House eBook - Vastu 	30 Pages	2010
Saral Vastu 	258 Pages	2001
MARMA 	86 Pages	2011
Saral Vastu 	96 Pages	2004
Saral Vastu 	258 Pages	2001
Atma Siddhi 	147 Pages	2010
MARMA 	86 Pages	2011
Buddha Nature: the Mahayana Uttaratantra 	410 Pages	2009
Brihat Parashara Hora 	105 Pages	2016
Mayamatam vastu 	328 Pages	2002
Vastu for House eBook - Vastu 	30 Pages	2010
Saral Vastu 	258 Pages	2001
MARMA 	86 Pages	2011
Saral Vastu 	96 Pages	2004
Saral Vastu 	258 Pages	2001
Atma Siddhi 	147 Pages	2010
MARMA 	86 Pages	2011
Buddha Nature: the Mahayana Uttaratantra 	410 Pages	2009
Brihat Parashara Hora 	105 Pages	2016
Mayamatam vastu 	328 Pages	2002
Vastu for House eBook - Vastu 	30 Pages	2010
Saral Vastu 	258 Pages	2001
MARMA 	86 Pages	2011
Saral Vastu 	96 Pages	2004
Saral Vastu 	258 Pages	2001
Atma Siddhi 	147 Pages	2010
MARMA 	86 Pages	2011
Buddha Nature: the Mahayana Uttaratantra 	410 Pages	2009
Brihat Parashara Hora 	105 Pages	2016
Mayamatam vastu 	328 Pages	2002
Vastu for House eBook - Vastu 	30 Pages	2010
Saral Vastu 	258 Pages	2001
MARMA 	86 Pages	2011
Saral Vastu 	96 Pages	2004
Saral Vastu 	258 Pages	2001
Atma Siddhi 	147 Pages	2010
MARMA 	86 Pages	2011
Buddha Nature: the Mahayana Uttaratantra 	410 Pages	2009
Brihat Parashara Hora 	105 Pages	2016
Mayamatam vastu 	328 Pages	2002
Vastu for House eBook - Vastu 	30 Pages	2010
Saral Vastu 	258 Pages	2001
MARMA 	86 Pages	2011
Saral Vastu 	96 Pages	2004
Saral Vastu 	258 Pages	2001
Atma Siddhi 	147 Pages	2010
MARMA 	86 Pages	2011
Buddha Nature: the Mahayana Uttaratantra 	410 Pages	2009
Brihat Parashara Hora 	105 Pages	2016
Mayamatam vastu 	328 Pages	2002
Vastu for House eBook - Vastu 	30 Pages	2010
Saral Vastu 	258 Pages	2001
MARMA 	86 Pages	2011
Saral Vastu 	96 Pages	2004
Saral Vastu 	258 Pages	2001
Atma Siddhi 	147 Pages	2010
MARMA 	86 Pages	2011
Buddha Nature: the Mahayana Uttaratantra 	410 Pages	2009
Brihat Parashara Hora 	105 Pages	2016
Mayamatam vastu 	328 Pages	2002
Vastu for House eBook - Vastu 	30 Pages	2010
Saral Vastu 	258 Pages	2001
MARMA 	86 Pages	2011
Saral Vastu 	96 Pages	2004
Saral Vastu 	258 Pages	2001
Atma Siddhi 	147 Pages	2010
MARMA 	86 Pages	2011
Buddha Nature: the Mahayana Uttaratantra 	410 Pages	2009
Brihat Parashara Hora 	105 Pages	2016
Mayamatam vastu 	328 Pages	2002
Vastu for House eBook - Vastu 	30 Pages	2010
Saral Vastu 	258 Pages	2001
MARMA 	86 Pages	2011
Saral Vastu 	96 Pages	2004
Saral Vastu 	258 Pages	2001
Atma Siddhi 	147 Pages	2010
MARMA 	86 Pages	2011
Buddha Nature: the Mahayana Uttaratantra 	410 Pages	2009
Brihat Parashara Hora 	105 Pages	2016
Mayamatam vastu 	328 Pages	2002
Vastu for House eBook - Vastu 	30 Pages	2010
Saral Vastu 	258 Pages	2001
MARMA 	86 Pages	2011
Saral Vastu 	96 Pages	2004
Saral Vastu 	258 Pages	2001
Atma Siddhi 	147 Pages	2010
MARMA 	86 Pages	2011
Buddha Nature: the Mahayana Uttaratantra 	410 Pages	2009
Brihat Parashara Hora 	105 Pages	2016
Mayamatam vastu 	328 Pages	2002
Vastu for House eBook - Vastu 	30 Pages	2010
Saral Vastu 	258 Pages	2001
MARMA 	86 Pages	2011
Saral Vastu 	96 Pages	2004
Saral Vastu 	258 Pages	2001
Atma Siddhi 	147 Pages	2010
MARMA 	86 Pages	2011
Buddha Nature: the Mahayana Uttaratantra 	410 Pages	2009
Brihat Parashara Hora 	105 Pages	2016
Mayamatam vastu 	328 Pages	2002
Vastu for House eBook - Vastu 	30 Pages	2010
Saral Vastu 	258 Pages	2001
MARMA 	86 Pages	2011
Saral Vastu 	96 Pages	2004
Saral Vastu 	258 Pages	2001
Atma Siddhi 	147 Pages	2010
MARMA 	86 Pages	2011
Buddha Nature: the Mahayana Uttaratantra 	410 Pages	2009
Brihat Parashara Hora 	105 Pages	2016
Mayamatam vastu 	328 Pages	2002
Vastu for House eBook - Vastu 	30 Pages	2010
Saral Vastu 	258 Pages	2001
MARMA 	86 Pages	2011
Saral Vastu 	96 Pages	2004
Saral Vastu 	258 Pages	2001
Atma Siddhi 	147 Pages	2010
MARMA 	86 Pages	2011
Buddha Nature: the Mahayana Uttaratantra 	410 Pages	2009
Brihat Parashara Hora 	105 Pages	2016
Mayamatam vastu 	328 Pages	2002
Vastu for House eBook - Vastu 	30 Pages	2010
Saral Vastu 	258 Pages	2001
MARMA 	86 Pages	2011
Saral Vastu 	96 Pages	2004
Saral Vastu 	258 Pages	2001
Atma Siddhi 	147 Pages	2010
MARMA 	86 Pages	2011
Buddha Nature: the Mahayana Uttaratantra 	410 Pages	2009
Brihat Parashara Hora 	105 Pages	2016
Mayamatam vastu 	328 Pages	2002
Vastu for House eBook - Vastu 	30 Pages	2010
Saral Vastu 	258 Pages	2001
MARMA 	86 Pages	2011
Saral Vastu 	96 Pages	2004
Saral Vastu 	258 Pages	2001
Atma Siddhi 	147 Pages	2010
MARMA 	86 Pages	2011
Buddha Nature: the Mahayana Uttaratantra 	410 Pages	2009
Brihat Parashara Hora 	105 Pages	2016
Mayamatam vastu 	328 Pages	2002
Vastu for House eBook - Vastu 	30 Pages	2010
Saral Vastu 	258 Pages	2001
MARMA 	86 Pages	2011
Saral Vastu 	96 Pages	2004
Saral Vastu 	258 Pages	2001
Atma Siddhi 	147 Pages	2010
MARMA 	86 Pages	2011
Buddha Nature: the Mahayana Uttaratantra 	410 Pages	2009
Brihat Parashara Hora 	105 Pages	2016
Mayamatam vastu 	328 Pages	2002
Vastu for House eBook - Vastu 	30 Pages	2010
Saral Vastu 	258 Pages	2001
MARMA 	86 Pages	2011
Saral Vastu 	96 Pages	2004
Saral Vastu 	258 Pages	2001
Atma Siddhi 	147 Pages	2010
MARMA 	86 Pages	2011
Buddha Nature: the Mahayana Uttaratantra 	410 Pages	2009
Brihat Parashara Hora 	105 Pages	2016
Mayamatam vastu 	328 Pages	2002
Vastu for House eBook - Vastu 	30 Pages	2010
Saral Vastu 	258 Pages	2001
MARMA 	86 Pages	2011
Saral Vastu 	96 Pages	2004
Saral Vastu 	258 Pages	2001
Atma Siddhi 	147 Pages	2010
MARMA 	86 Pages	2011
Buddha Nature: the Mahayana Uttaratantra 	410 Pages	2009
Brihat Parashara Hora 	105 Pages	2016
Mayamatam vastu 	328 Pages	2002
Vastu for House eBook - Vastu 	30 Pages	2010
Saral Vastu 	258 Pages	2001
MARMA 	86 Pages	2011
Saral Vastu 	96 Pages	2004
Saral Vastu 	258 Pages	2001
Atma Siddhi 	147 Pages	2010
MARMA 	86 Pages	2011
Buddha Nature: the Mahayana Uttaratantra 	410 Pages	2009
Brihat Parashara Hora 	105 Pages	2016
Mayamatam vastu 	328 Pages	2002
Vastu for House eBook - Vastu 	30 Pages	2010
Saral Vastu 	258 Pages	2001
MARMA 	86 Pages	2011
Saral Vastu 	96 Pages	2004
Saral Vastu 	258 Pages	2001
Atma Siddhi 	147 Pages	2010
MARMA 	86 Pages	2011
Buddha Nature: the Mahayana Uttaratantra 	410 Pages	2009
Brihat Parashara Hora 	105 Pages	2016
Mayamatam vastu 	328 Pages	2002
Vastu for House eBook - Vastu 	30 Pages	2010
Saral Vastu 	258 Pages	2001
MARMA 	86 Pages	2011
Saral Vastu 	96 Pages	2004
Saral Vastu 	258 Pages	2001
Atma Siddhi 	147 Pages	2010
MARMA 	86 Pages	2011
Buddha Nature: the Mahayana Uttaratantra 	410 Pages	2009
Brihat Parashara Hora 	105 Pages	2016
Mayamatam vastu 	328 Pages	2002
Vastu for House eBook - Vastu 	30 Pages	2010
Saral Vastu 	258 Pages	2001
MARMA 	86 Pages	2011
Saral Vastu 	96 Pages	2004
Saral Vastu 	258 Pages	2001
Atma Siddhi 	147 Pages	2010
MARMA 	86 Pages	2011
Buddha Nature: the Mahayana Uttaratantra 	410 Pages	2009
Brihat Parashara Hora 	105 Pages	2016
Mayamatam vastu 	328 Pages	2002
Vastu for House eBook - Vastu 	30 Pages	2010
Saral Vastu 	258 Pages	2001
MARMA 	86 Pages	2011
Saral Vastu 	96 Pages	2004
Saral Vastu 	258 Pages	2001
Atma Siddhi 	147 Pages	2010
MARMA 	86 Pages	2011
Buddha Nature: the Mahayana Uttaratantra 	410 Pages	2009
Brihat Parashara Hora 	105 Pages	2016
Mayamatam vastu 	328 Pages	2002
Vastu for House eBook - Vastu 	30 Pages	2010
Saral Vastu 	258 Pages	2001
MARMA 	86 Pages	2011
Saral Vastu 	96 Pages	2004
Saral Vastu 	258 Pages	2001
Atma Siddhi 	147 Pages	2010
MARMA 	86 Pages	2011
Buddha Nature: the Mahayana Uttaratantra 	410 Pages	2009
Brihat Parashara Hora 	105 Pages	2016
Mayamatam vastu 	328 Pages	2002
Vastu for House eBook - Vastu 	30 Pages	2010
Saral Vastu 	258 Pages	2001
MARMA 	86 Pages	2011
Saral Vastu 	96 Pages	2004
Saral Vastu 	258 Pages	2001
Atma Siddhi 	147 Pages	2010
MARMA 	86 Pages	2011
Buddha Nature: the Mahayana Uttaratantra 	410 Pages	2009
Brihat Parashara Hora 	105 Pages	2016
Mayamatam vastu 	328 Pages	2002
Vastu for House eBook - Vastu 	30 Pages	2010
Saral Vastu 	258 Pages	2001
MARMA 	86 Pages	2011
Saral Vastu 	96 Pages	2004
Saral Vastu 	258 Pages	2001
Atma Siddhi 	147 Pages	2010
MARMA 	86 Pages	2011
Buddha Nature: the Mahayana Uttaratantra 	410 Pages	2009
Brihat Parashara Hora 	105 Pages	2016
Mayamatam vastu 	328 Pages	2002
Vastu for House eBook - Vastu 	30 Pages	2010
Saral Vastu 	258 Pages	2001
MARMA 	86 Pages	2011
Saral Vastu 	96 Pages	2004
Saral Vastu 	258 Pages	2001
Atma Siddhi 	147 Pages	2010
MARMA 	86 Pages	2011
Buddha Nature: the Mahayana Uttaratantra 	410 Pages	2009
Brihat Parashara Hora 	105 Pages	2016
Mayamatam vastu 	328 Pages	2002
Vastu for House eBook - Vastu 	30 Pages	2010
Saral Vastu 	258 Pages	2001
MARMA 	86 Pages	2011
Saral Vastu 	96 Pages	2004
Saral Vastu 	258 Pages	2001
Atma Siddhi 	147 Pages	2010
MARMA 	86 Pages	2011
Buddha Nature: the Mahayana Uttaratantra 	410 Pages	2009
Brihat Parashara Hora 	105 Pages	2016
Mayamatam vastu 	328 Pages	2002
Vastu for House eBook - Vastu 	30 Pages	2010
Saral Vastu 	258 Pages	2001
MARMA 	86 Pages	2011
Saral Vastu 	96 Pages	2004
Saral Vastu 	258 Pages	2001
Atma Siddhi 	147 Pages	2010
MARMA 	86 Pages	2011
Buddha Nature: the Mahayana Uttaratantra 	410 Pages	2009
Brihat Parashara Hora 	105 Pages	2016
Mayamatam vastu 	328 Pages	2002
Vastu for House eBook - Vastu 	30 Pages	2010
Saral Vastu 	258 Pages	2001
MARMA 	86 Pages	2011
Saral Vastu 	96 Pages	2004
Saral Vastu 	258 Pages	2001
Atma Siddhi 	147 Pages	2010
MARMA 	86 Pages	2011
Buddha Nature: the Mahayana Uttaratantra 	410 Pages	2009
Brihat Parashara Hora 	105 Pages	2016
Mayamatam vastu 	328 Pages	2002
Vastu for House eBook - Vastu 	30 Pages	2010
Saral Vastu 	258 Pages	2001
MARMA 	86 Pages	2011
Saral Vastu 	96 Pages	2004
Saral Vastu 	258 Pages	2001
Atma Siddhi 	147 Pages	2010
MARMA 	86 Pages	2011
Buddha Nature: the Mahayana Uttaratantra 	410 Pages	2009
Brihat Parashara Hora 	105 Pages	2016
Mayamatam vastu 	328 Pages	2002
Vastu for House eBook - Vastu 	30 Pages	2010
Saral Vastu 	258 Pages	2001
MARMA 	86 Pages	2011
Saral Vastu 	96 Pages	2004
Saral Vastu 	258 Pages	2001
Atma Siddhi 	147 Pages	2010
MARMA 	86 Pages	2011
Buddha Nature: the Mahayana Uttaratantra 	410 Pages	2009
Brihat Parashara Hora 	105 Pages	2016
Mayamatam vastu 	328 Pages	2002
Vastu for House eBook - Vastu 	30 Pages	2010
Saral Vastu 	258 Pages	2001
MARMA 	86 Pages	2011
Saral Vastu 	96 Pages	2004
Saral Vastu 	258 Pages	2001
Atma Siddhi 	147 Pages	2010
MARMA 	86 Pages	2011
Buddha Nature: the Mahayana Uttaratantra 	410 Pages	2009
Brihat Parashara Hora 	105 Pages	2016
Mayamatam vastu 	328 Pages	2002
Vastu for House eBook - Vastu 	30 Pages	2010
Saral Vastu 	258 Pages	2001
MARMA 	86 Pages	2011
Saral Vastu 	96 Pages	2004
Saral Vastu 	258 Pages	2001
Atma Siddhi 	147 Pages	2010
MARMA 	86 Pages	2011
Buddha Nature: the Mahayana Uttaratantra 	410 Pages	2009
Brihat Parashara Hora 	105 Pages	2016
Mayamatam vastu 	328 Pages	2002
Vastu for House eBook - Vastu 	30 Pages	2010
Saral Vastu 	258 Pages	2001
MARMA 	86 Pages	2011
Saral Vastu 	96 Pages	2004
Saral Vastu 	258 Pages	2001
Atma Siddhi 	147 Pages	2010
MARMA 	86 Pages	2011
Buddha Nature: the Mahayana Uttaratantra 	410 Pages	2009
Brihat Parashara Hora 	105 Pages	2016
Mayamatam vastu 	328 Pages	2002
Vastu for House eBook - Vastu 	30 Pages	2010
Saral Vastu 	258 Pages	2001
MARMA 	86 Pages	2011
Saral Vastu 	96 Pages	2004
Saral Vastu 	258 Pages	2001
Atma Siddhi 	147 Pages	2010
MARMA 	86 Pages	2011
Buddha Nature: the Mahayana Uttaratantra 	410 Pages	2009
Brihat Parashara Hora 	105 Pages	2016
Mayamatam vastu 	328 Pages	2002
Vastu for House eBook - Vastu 	30 Pages	2010
Saral Vastu 	258 Pages	2001
MARMA 	86 Pages	2011
Saral Vastu 	96 Pages	2004
Saral Vastu 	258 Pages	2001
Atma Siddhi 	147 Pages	2010
MARMA 	86 Pages	2011
Buddha Nature: the Mahayana Uttaratantra 	410 Pages	2009
Brihat Parashara Hora 	105 Pages	2016
Mayamatam vastu 	328 Pages	2002
Vastu for House eBook - Vastu 	30 Pages	2010
Saral Vastu 	258 Pages	2001
MARMA 	86 Pages	2011
Saral Vastu 	96 Pages	2004
Saral Vastu 	258 Pages	2001
Atma Siddhi 	147 Pages	2010
MARMA 	86 Pages	2011
Buddha Nature: the Mahayana Uttaratantra 	410 Pages	2009
Brihat Parashara Hora 	105 Pages	2016
Mayamatam vastu 	328 Pages	2002
Vastu for House eBook - Vastu 	30 Pages	2010
Saral Vastu 	258 Pages	2001
MARMA 	86 Pages	2011
Saral Vastu 	96 Pages	2004
Saral Vastu 	258 Pages	2001
Atma Siddhi 	147 Pages	2010
MARMA 	86 Pages	2011
Buddha Nature: the Mahayana Uttaratantra 	410 Pages	2009
Brihat Parashara Hora 	105 Pages	2016
Mayamatam vastu 	328 Pages	2002
Vastu for House eBook - Vastu 	30 Pages	2010
Saral Vastu 	258 Pages	2001
MARMA 	86 Pages	2011
Saral Vastu 	96 Pages	2004
Saral Vastu 	258 Pages	2001
Atma Siddhi 	147 Pages	2010
MARMA 	86 Pages	2011
Buddha Nature: the Mahayana Uttaratantra 	410 Pages	2009
Brihat Parashara Hora 	105 Pages	2016
Mayamatam vastu 	328 Pages	2002
Vastu for House eBook - Vastu 	30 Pages	2010
Saral Vastu 	258 Pages	2001
MARMA 	86 Pages	2011
Saral Vastu 	96 Pages	2004
Saral Vastu 	258 Pages	2001
Atma Siddhi 	147 Pages	2010
MARMA 	86 Pages	2011
Buddha Nature: the Mahayana Uttaratantra 	410 Pages	2009
Brihat Parashara Hora 	105 Pages	2016
Mayamatam vastu 	328 Pages	2002
Vastu for House eBook - Vastu 	30 Pages	2010
Saral Vastu 	258 Pages	2001
MARMA 	86 Pages	2011
Saral Vastu 	96 Pages	2004
Saral Vastu 	258 Pages	2001
Atma Siddhi 	147 Pages	2010
MARMA 	86 Pages	2011
Buddha Nature: the Mahayana Uttaratantra 	410 Pages	2009
Brihat Parashara Hora 	105 Pages	2016
Mayamatam vastu 	328 Pages	2002
Vastu for House eBook - Vastu 	30 Pages	2010
Saral Vastu 	258 Pages	2001
MARMA 	86 Pages	2011
Saral Vastu 	96 Pages	2004
Saral Vastu 	258 Pages	2001
Atma Siddhi 	147 Pages	2010
MARMA 	86 Pages	2011
Buddha Nature: the Mahayana Uttaratantra 	410 Pages	2009
Brihat Parashara Hora 	105 Pages	2016
Mayamatam vastu 	328 Pages	2002
Vastu for House eBook - Vastu 	30 Pages	2010
Saral Vastu 	258 Pages	2001
MARMA 	86 Pages	2011
Saral Vastu 	96 Pages	2004
Saral Vastu 	258 Pages	2001
Atma Siddhi 	147 Pages	2010
MARMA 	86 Pages	2011
Buddha Nature: the Mahayana Uttaratantra 	410 Pages	2009
Brihat Parashara Hora 	105 Pages	2016
Mayamatam vastu 	328 Pages	2002
Vastu for House eBook - Vastu 	30 Pages	2010
Saral Vastu 	258 Pages	2001
MARMA 	86 Pages	2011
Saral Vastu 	96 Pages	2004
Saral Vastu 	258 Pages	2001
Atma Siddhi 	147 Pages	2010
MARMA 	86 Pages	2011
Buddha Nature: the Mahayana Uttaratantra 	410 Pages	2009
Brihat Parashara Hora 	105 Pages	2016
Mayamatam vastu 	328 Pages	2002
Vastu for House eBook - Vastu 	30 Pages	2010
Saral Vastu 	258 Pages	2001
MARMA 	86 Pages	2011
Saral Vastu 	96 Pages	2004
Saral Vastu 	258 Pages	2001
Atma Siddhi 	147 Pages	2010
MARMA 	86 Pages	2011
Buddha Nature: the Mahayana Uttaratantra 	410 Pages	2009
Brihat Parashara Hora 	105 Pages	2016
Mayamatam vastu 	328 Pages	2002
Vastu for House eBook - Vastu 	30 Pages	2010
Saral Vastu 	258 Pages	2001
MARMA 	86 Pages	2011
Saral Vastu 	96 Pages	2004
Saral Vastu 	258 Pages	2001
Atma Siddhi 	147 Pages	2010
MARMA 	86 Pages	2011
Buddha Nature: the Mahayana Uttaratantra 	410 Pages	2009
Brihat Parashara Hora 	105 Pages	2016
Mayamatam vastu 	328 Pages	2002
Vastu for House eBook - Vastu 	30 Pages	2010
Saral Vastu 	258 Pages	2001
MARMA 	86 Pages	2011
Saral Vastu 	96 Pages	2004
Saral Vastu 	258 Pages	2001
Atma Siddhi 	147 Pages	2010
MARMA 	86 Pages	2011
Buddha Nature: the Mahayana Uttaratantra 	410 Pages	2009
Brihat Parashara Hora 	105 Pages	2016
Mayamatam vastu 	328 Pages	2002
Vastu for House eBook - Vastu 	30 Pages	2010
Saral Vastu 	258 Pages	2001
MARMA 	86 Pages	2011
Saral Vastu 	96 Pages	2004
Saral Vastu 	258 Pages	2001
Atma Siddhi 	147 Pages	2010
MARMA 	86 Pages	2011
Buddha Nature: the Mahayana Uttaratantra 	410 Pages	2009
Brihat Parashara Hora 	105 Pages	2016
Mayamatam vastu 	328 Pages	2002
Vastu for House eBook - Vastu 	30 Pages	2010
Saral Vastu 	258 Pages	2001
MARMA 	86 Pages	2011
Saral Vastu 	96 Pages	2004
Saral Vastu 	258 Pages	2001
Atma Siddhi 	147 Pages	2010
MARMA 	86 Pages	2011
Buddha Nature: the Mahayana Uttaratantra 	410 Pages	2009
Brihat Parashara Hora 	105 Pages	2016
Mayamatam vastu 	328 Pages	2002
Vastu for House eBook - Vastu 	30 Pages	2010
Saral Vastu 	258 Pages	2001
MARMA 	86 Pages	2011
Saral Vastu 	96 Pages	2004
Saral Vastu 	258 Pages	2001
Atma Siddhi 	147 Pages	2010
MARMA 	86 Pages	2011
Buddha Nature: the Mahayana Uttaratantra 	410 Pages	2009
Brihat Parashara Hora 	105 Pages	2016
Mayamatam vastu 	328 Pages	2002
Vastu for House eBook - Vastu 	30 Pages	2010
Saral Vastu 	258 Pages	2001
MARMA 	86 Pages	2011
Saral Vastu 	96 Pages	2004
Saral Vastu 	258 Pages	2001
Atma Siddhi 	147 Pages	2010
MARMA 	86 Pages	2011
Buddha Nature: the Mahayana Uttaratantra 	410 Pages	2009
Brihat Parashara Hora 	105 Pages	2016
Mayamatam vastu 	328 Pages	2002
Vastu for House eBook - Vastu 	30 Pages	2010
Saral Vastu 	258 Pages	2001
MARMA 	86 Pages	2011
Saral Vastu 	96 Pages	2004
Saral Vastu 	258 Pages	2001
Atma Siddhi 	147 Pages	2010
MARMA 	86 Pages	2011
Buddha Nature: the Mahayana Uttaratantra 	410 Pages	2009
Brihat Parashara Hora 	105 Pages	2016
Mayamatam vastu 	328 Pages	2002
Vastu for House eBook - Vastu 	30 Pages	2010
Saral Vastu 	258 Pages	2001
MARMA 	86 Pages	2011
Saral Vastu 	96 Pages	2004
Saral Vastu 	258 Pages	2001
Atma Siddhi 	147 Pages	2010
MARMA 	86 Pages	2011
Buddha Nature: the Mahayana Uttaratantra 	410 Pages	2009
Brihat Parashara Hora 	105 Pages	2016
Mayamatam vastu 	328 Pages	2002
Vastu for House eBook - Vastu 	30 Pages	2010
Saral Vastu 	258 Pages	2001
MARMA 	86 Pages	2011
Saral Vastu 	96 Pages	2004
Saral Vastu 	258 Pages	2001
Atma Siddhi 	147 Pages	2010
MARMA 	86 Pages	2011
Buddha Nature: the Mahayana Uttaratantra 	410 Pages	2009
Brihat Parashara Hora 	105 Pages	2016
Mayamatam vastu 	328 Pages	2002
Vastu for House eBook - Vastu 	30 Pages	2010
Saral Vastu 	258 Pages	2001
MARMA 	86 Pages	2011
Saral Vastu 	96 Pages	2004
Saral Vastu 	258 Pages	2001
Atma Siddhi 	147 Pages	2010
MARMA 	86 Pages	2011
Buddha Nature: the Mahayana Uttaratantra 	410 Pages	2009
Brihat Parashara Hora 	105 Pages	2016
Mayamatam vastu 	328 Pages	2002
Vastu for House eBook - Vastu 	30 Pages	2010
Saral Vastu 	258 Pages	2001
MARMA 	86 Pages	2011
Saral Vastu 	96 Pages	2004
Saral Vastu 	258 Pages	2001
Atma Siddhi 	147 Pages	2010
MARMA 	86 Pages	2011
Buddha Nature: the Mahayana Uttaratantra 	410 Pages	2009
Brihat Parashara Hora 	105 Pages	2016
Mayamatam vastu 	328 Pages	2002
Vastu for House eBook - Vastu 	30 Pages	2010
Saral Vastu 	258 Pages	2001
MARMA 	86 Pages	2011
Saral Vastu 	96 Pages	2004
Saral Vastu 	258 Pages	2001
Atma Siddhi 	147 Pages	2010
MARMA 	86 Pages	2011
Buddha Nature: the Mahayana Uttaratantra 	410 Pages	2009
Brihat Parashara Hora 	105 Pages	2016
Mayamatam vastu 	328 Pages	2002
Vastu for House eBook - Vastu 	30 Pages	2010
Saral Vastu 	258 Pages	2001
MARMA 	86 Pages	2011
Saral Vastu 	96 Pages	2004
Saral Vastu 	258 Pages	2001
Atma Siddhi 	147 Pages	2010
MARMA 	86 Pages	2011
Buddha Nature: the Mahayana Uttaratantra 	410 Pages	2009
Brihat Parashara Hora 	105 Pages	2016
Mayamatam vastu 	328 Pages	2002
Vastu for House eBook - Vastu 	30 Pages	2010
Saral Vastu 	258 Pages	2001
MARMA 	86 Pages	2011
Saral Vastu 	96 Pages	2004
Saral Vastu 	258 Pages	2001
Atma Siddhi 	147 Pages	2010
MARMA 	86 Pages	2011
Buddha Nature: the Mahayana Uttaratantra 	410 Pages	2009
Brihat Parashara Hora 	105 Pages	2016
Mayamatam vastu 	328 Pages	2002
Vastu for House eBook - Vastu 	30 Pages	2010
Saral Vastu 	258 Pages	2001
MARMA 	86 Pages	2011
Saral Vastu 	96 Pages	2004
Saral Vastu 	258 Pages	2001
Atma Siddhi 	147 Pages	2010
MARMA 	86 Pages	2011
Buddha Nature: the Mahayana Uttaratantra 	410 Pages	2009
Brihat Parashara Hora 	105 Pages	2016
Mayamatam vastu 	328 Pages	2002
Vastu for House eBook - Vastu 	30 Pages	2010
Saral Vastu 	258 Pages	2001
MARMA 	86 Pages	2011
Saral Vastu 	96 Pages	2004
Saral Vastu 	258 Pages	2001
Atma Siddhi 	147 Pages	2010
MARMA 	86 Pages	2011
Buddha Nature: the Mahayana Uttaratantra 	410 Pages	2009
Brihat Parashara Hora 	105 Pages	2016
Mayamatam vastu 	328 Pages	2002
Vastu for House eBook - Vastu 	30 Pages	2010
Saral Vastu 	258 Pages	2001
MARMA 	86 Pages	2011
Saral Vastu 	96 Pages	2004
Saral Vastu 	258 Pages	2001
Atma Siddhi 	147 Pages	2010
MARMA 	86 Pages	2011
Buddha Nature: the Mahayana Uttaratantra 	410 Pages	2009
Brihat Parashara Hora 	105 Pages	2016
Mayamatam vastu 	328 Pages	2002
Vastu for House eBook - Vastu 	30 Pages	2010
Saral Vastu 	258 Pages	2001
MARMA 	86 Pages	2011
Saral Vastu 	96 Pages	2004
Saral Vastu 	258 Pages	2001
Atma Siddhi 	147 Pages	2010
MARMA 	86 Pages	2011
Buddha Nature: the Mahayana Uttaratantra 	410 Pages	2009
Brihat Parashara Hora 	105 Pages	2016
Mayamatam vastu 	328 Pages	2002
Vastu for House eBook - Vastu 	30 Pages	2010
Saral Vastu 	258 Pages	2001
MARMA 	86 Pages	2011
Saral Vastu 	96 Pages	2004
Saral Vastu 	258 Pages	2001
Atma Siddhi 	147 Pages	2010
MARMA 	86 Pages	2011
Buddha Nature: the Mahayana Uttaratantra 	410 Pages	2009
Brihat Parashara Hora 	105 Pages	2016
Mayamatam vastu 	328 Pages	2002
Vastu for House eBook - Vastu 	30 Pages	2010
Saral Vastu 	258 Pages	2001
MARMA 	86 Pages	2011
Saral Vastu 	96 Pages	2004
Saral Vastu 	258 Pages	2001
Atma Siddhi 	147 Pages	2010
MARMA 	86 Pages	2011
Buddha Nature: the Mahayana Uttaratantra 	410 Pages	2009
Brihat Parashara Hora 	105 Pages	2016
Mayamatam vastu 	328 Pages	2002
Vastu for House eBook - Vastu 	30 Pages	2010
Saral Vastu 	258 Pages	2001
MARMA 	86 Pages	2011
Saral Vastu 	96 Pages	2004
Saral Vastu 	258 Pages	2001
Atma Siddhi 	147 Pages	2010
MARMA 	86 Pages	2011
Buddha Nature: the Mahayana Uttaratantra 	410 Pages	2009
Brihat Parashara Hora 	105 Pages	2016
Mayamatam vastu 	328 Pages	2002
Vastu for House eBook - Vastu 	30 Pages	2010
Saral Vastu 	258 Pages	2001
MARMA 	86 Pages	2011
Saral Vastu 	96 Pages	2004
Saral Vastu 	258 Pages	2001
Atma Siddhi 	147 Pages	2010
MARMA 	86 Pages	2011
Buddha Nature: the Mahayana Uttaratantra 	410 Pages	2009
Brihat Parashara Hora 	105 Pages	2016
Mayamatam vastu 	328 Pages	2002
Vastu for House eBook - Vastu 	30 Pages	2010
Saral Vastu 	258 Pages	2001
MARMA 	86 Pages	2011
Saral Vastu 	96 Pages	2004
Saral Vastu 	258 Pages	2001
Atma Siddhi 	147 Pages	2010
MARMA 	86 Pages	2011
Buddha Nature: the Mahayana Uttaratantra 	410 Pages	2009
Brihat Parashara Hora 	105 Pages	2016
Mayamatam vastu 	328 Pages	2002
Vastu for House eBook - Vastu 	30 Pages	2010
Saral Vastu 	258 Pages	2001
MARMA 	86 Pages	2011
Saral Vastu 	96 Pages	2004
Saral Vastu 	258 Pages	2001
Atma Siddhi 	147 Pages	2010
MARMA 	86 Pages	2011
Buddha Nature: the Mahayana Uttaratantra 	410 Pages	2009
Brihat Parashara Hora 	105 Pages	2016
Mayamatam vastu 	328 Pages	2002
Vastu for House eBook - Vastu 	30 Pages	2010
Saral Vastu 	258 Pages	2001
MARMA 	86 Pages	2011
Saral Vastu 	96 Pages	2004
Saral Vastu 	258 Pages	2001
Atma Siddhi 	147 Pages	2010
MARMA 	86 Pages	2011
Buddha Nature: the Mahayana Uttaratantra 	410 Pages	2009
Brihat Parashara Hora 	105 Pages	2016
Mayamatam vastu 	328 Pages	2002
Vastu for House eBook - Vastu 	30 Pages	2010
Saral Vastu 	258 Pages	2001
MARMA 	86 Pages	2011
Saral Vastu 	96 Pages	2004
Saral Vastu 	258 Pages	2001
Atma Siddhi 	147 Pages	2010
MARMA 	86 Pages	2011
Buddha Nature: the Mahayana Uttaratantra 	410 Pages	2009
Brihat Parashara Hora 	105 Pages	2016
Mayamatam vastu 	328 Pages	2002
Vastu for House eBook - Vastu 	30 Pages	2010
Saral Vastu 	258 Pages	2001
MARMA 	86 Pages	2011
Saral Vastu 	96 Pages	2004
Saral Vastu 	258 Pages	2001
Atma Siddhi 	147 Pages	2010
MARMA 	86 Pages	2011
Buddha Nature: the Mahayana Uttaratantra 	410 Pages	2009
Brihat Parashara Hora 	105 Pages	2016
Mayamatam vastu 	328 Pages	2002
Vastu for House eBook - Vastu 	30 Pages	2010
Saral Vastu 	258 Pages	2001
MARMA 	86 Pages	2011
Saral Vastu 	96 Pages	2004
Saral Vastu 	258 Pages	2001
Atma Siddhi 	147 Pages	2010
MARMA 	86 Pages	2011
Buddha Nature: the Mahayana Uttaratantra 	410 Pages	2009
Brihat Parashara Hora 	105 Pages	2016
Mayamatam vastu 	328 Pages	2002
Vastu for House eBook - Vastu 	30 Pages	2010
Saral Vastu 	258 Pages	2001
MARMA 	86 Pages	2011
Saral Vastu 	96 Pages	2004
Saral Vastu 	258 Pages	2001
Atma Siddhi 	147 Pages	2010
MARMA 	86 Pages	2011
Buddha Nature: the Mahayana Uttaratantra 	410 Pages	2009
Brihat Parashara Hora 	105 Pages	2016
Mayamatam vastu 	328 Pages	2002
Vastu for House eBook - Vastu 	30 Pages	2010
Saral Vastu 	258 Pages	2001
MARMA 	86 Pages	2011
Saral Vastu 	96 Pages	2004
Saral Vastu 	258 Pages	2001
Atma Siddhi 	147 Pages	2010
MARMA 	86 Pages	2011
Buddha Nature: the Mahayana Uttaratantra 	410 Pages	2009
Brihat Parashara Hora 	105 Pages	2016
Mayamatam vastu 	328 Pages	2002
Vastu for House eBook - Vastu 	30 Pages	2010
Saral Vastu 	258 Pages	2001
MARMA 	86 Pages	2011
Saral Vastu 	96 Pages	2004
Saral Vastu 	258 Pages	2001
Atma Siddhi 	147 Pages	2010
MARMA 	86 Pages	2011
Buddha Nature: the Mahayana Uttaratantra 	410 Pages	2009
Brihat Parashara Hora 	105 Pages	2016
Mayamatam vastu 	328 Pages	2002
Vastu for House eBook - Vastu 	30 Pages	2010
Saral Vastu 	258 Pages	2001
MARMA 	86 Pages	2011
Saral Vastu 	96 Pages	2004
Saral Vastu 	258 Pages	2001
Atma Siddhi 	147 Pages	2010
MARMA 	86 Pages	2011
Buddha Nature: the Mahayana Uttaratantra 	410 Pages	2009
Brihat Parashara Hora 	105 Pages	2016
Mayamatam vastu 	328 Pages	2002
Vastu for House eBook - Vastu 	30 Pages	2010
Saral Vastu 	258 Pages	2001
MARMA 	86 Pages	2011
Saral Vastu 	96 Pages	2004
Saral Vastu 	258 Pages	2001
Atma Siddhi 	147 Pages	2010
MARMA 	86 Pages	2011
Buddha Nature: the Mahayana Uttaratantra 	410 Pages	2009
Brihat Parashara Hora 	105 Pages	2016
Mayamatam vastu 	328 Pages	2002
Vastu for House eBook - Vastu 	30 Pages	2010
Saral Vastu 	258 Pages	2001
MARMA 	86 Pages	2011
Saral Vastu 	96 Pages	2004
Saral Vastu 	258 Pages	2001
Atma Siddhi 	147 Pages	2010
MARMA 	86 Pages	2011
Buddha Nature: the Mahayana Uttaratantra 	410 Pages	2009
Brihat Parashara Hora 	105 Pages	2016
Mayamatam vastu 	328 Pages	2002
Vastu for House eBook - Vastu 	30 Pages	2010
Saral Vastu 	258 Pages	2001
MARMA 	86 Pages	2011
Saral Vastu 	96 Pages	2004
Saral Vastu 	258 Pages	2001
Atma Siddhi 	147 Pages	2010
MARMA 	86 Pages	2011
Buddha Nature: the Mahayana Uttaratantra 	410 Pages	2009
Brihat Parashara Hora 	105 Pages	2016
Mayamatam vastu 	328 Pages	2002
Vastu for House eBook - Vastu 	30 Pages	2010
Saral Vastu 	258 Pages	2001
MARMA 	86 Pages	2011
Saral Vastu 	96 Pages	2004
Saral Vastu 	258 Pages	2001
Atma Siddhi 	147 Pages	2010
MARMA 	86 Pages	2011
Buddha Nature: the Mahayana Uttaratantra 	410 Pages	2009
Brihat Parashara Hora 	105 Pages	2016
Mayamatam vastu 	328 Pages	2002
Vastu for House eBook - Vastu 	30 Pages	2010
Saral Vastu 	258 Pages	2001
MARMA 	86 Pages	2011
Saral Vastu 	96 Pages	2004
Saral Vastu 	258 Pages	2001
Atma Siddhi 	147 Pages	2010
MARMA 	86 Pages	2011
Buddha Nature: the Mahayana Uttaratantra 	410 Pages	2009
Brihat Parashara Hora 	105 Pages	2016
Mayamatam vastu 	328 Pages	2002
Vastu for House eBook - Vastu 	30 Pages	2010
Saral Vastu 	258 Pages	2001
MARMA 	86 Pages	2011
Saral Vastu 	96 Pages	2004
Saral Vastu 	258 Pages	2001
Atma Siddhi 	147 Pages	2010
MARMA 	86 Pages	2011
Buddha Nature: the Mahayana Uttaratantra 	410 Pages	2009
Brihat Parashara Hora 	105 Pages	2016
Mayamatam vastu 	328 Pages	2002
Vastu for House eBook - Vastu 	30 Pages	2010
Saral Vastu 	258 Pages	2001
MARMA 	86 Pages	2011
Saral Vastu 	96 Pages	2004
Saral Vastu 	258 Pages	2001
Atma Siddhi 	147 Pages	2010
MARMA 	86 Pages	2011
Buddha Nature: the Mahayana Uttaratantra 	410 Pages	2009
Brihat Parashara Hora 	105 Pages	2016
Mayamatam vastu 	328 Pages	2002
Vastu for House eBook - Vastu 	30 Pages	2010
Saral Vastu 	258 Pages	2001
MARMA 	86 Pages	2011
Saral Vastu 	96 Pages	2004
Saral Vastu 	258 Pages	2001
Atma Siddhi 	147 Pages	2010
MARMA 	86 Pages	2011
Buddha Nature: the Mahayana Uttaratantra 	410 Pages	2009
Brihat Parashara Hora 	105 Pages	2016
Mayamatam vastu 	328 Pages	2002
Vastu for House eBook - Vastu 	30 Pages	2010
Saral Vastu 	258 Pages	2001
MARMA 	86 Pages	2011
Saral Vastu 	96 Pages	2004
Saral Vastu 	258 Pages	2001
Atma Siddhi 	147 Pages	2010
MARMA 	86 Pages	2011
Buddha Nature: the Mahayana Uttaratantra 	410 Pages	2009
Brihat Parashara Hora 	105 Pages	2016
Mayamatam vastu 	328 Pages	2002
Vastu for House eBook - Vastu 	30 Pages	2010
Saral Vastu 	258 Pages	2001
MARMA 	86 Pages	2011
Saral Vastu 	96 Pages	2004
Saral Vastu 	258 Pages	2001
Atma Siddhi 	147 Pages	2010
MARMA 	86 Pages	2011
Buddha Nature: the Mahayana Uttaratantra 	410 Pages	2009
Brihat Parashara Hora 	105 Pages	2016
Mayamatam vastu 	328 Pages	2002
Vastu for House eBook - Vastu 	30 Pages	2010
Saral Vastu 	258 Pages	2001
MARMA 	86 Pages	2011
Saral Vastu 	96 Pages	2004
Saral Vastu 	258 Pages	2001
Atma Siddhi 	147 Pages	2010
MARMA 	86 Pages	2011
Buddha Nature: the Mahayana Uttaratantra 	410 Pages	2009
Brihat Parashara Hora 	105 Pages	2016
Mayamatam vastu 	328 Pages	2002
Vastu for House eBook - Vastu 	30 Pages	2010
Saral Vastu 	258 Pages	2001
MARMA 	86 Pages	2011
Saral Vastu 	96 Pages	2004
Saral Vastu 	258 Pages	2001
Atma Siddhi 	147 Pages	2010
MARMA 	86 Pages	2011
Buddha Nature: the Mahayana Uttaratantra 	410 Pages	2009
Brihat Parashara Hora 	105 Pages	2016
Mayamatam vastu 	328 Pages	2002
Vastu for House eBook - Vastu 	30 Pages	2010
Saral Vastu 	258 Pages	2001
MARMA 	86 Pages	2011
Saral Vastu 	96 Pages	2004
Saral Vastu 	258 Pages	2001
Atma Siddhi 	147 Pages	2010
MARMA 	86 Pages	2011
Buddha Nature: the Mahayana Uttaratantra 	410 Pages	2009
Brihat Parashara Hora 	105 Pages	2016
Mayamatam vastu 	328 Pages	2002
Vastu for House eBook - Vastu 	30 Pages	2010
Saral Vastu 	258 Pages	2001
MARMA 	86 Pages	2011
Saral Vastu 	96 Pages	2004
Saral Vastu 	258 Pages	2001
Atma Siddhi 	147 Pages	2010
MARMA 	86 Pages	2011
Buddha Nature: the Mahayana Uttaratantra 	410 Pages	2009
Brihat Parashara Hora 	105 Pages	2016
Mayamatam vastu 	328 Pages	2002
Vastu for House eBook - Vastu 	30 Pages	2010
Saral Vastu 	258 Pages	2001
MARMA 	86 Pages	2011
Saral Vastu 	96 Pages	2004
Saral Vastu 	258 Pages	2001
Atma Siddhi 	147 Pages	2010
MARMA 	86 Pages	2011
Buddha Nature: the Mahayana Uttaratantra 	410 Pages	2009
Brihat Parashara Hora 	105 Pages	2016
Mayamatam vastu 	328 Pages	2002
Vastu for House eBook - Vastu 	30 Pages	2010
Saral Vastu 	258 Pages	2001
MARMA 	86 Pages	2011
Saral Vastu 	96 Pages	2004
Saral Vastu 	258 Pages	2001
Atma Siddhi 	147 Pages	2010
MARMA 	86 Pages	2011
Buddha Nature: the Mahayana Uttaratantra 	410 Pages	2009
Brihat Parashara Hora 	105 Pages	2016
Mayamatam vastu 	328 Pages	2002
Vastu for House eBook - Vastu 	30 Pages	2010
Saral Vastu 	258 Pages	2001
MARMA 	86 Pages	2011
Saral Vastu 	96 Pages	2004
Saral Vastu 	258 Pages	2001
Atma Siddhi 	147 Pages	2010
MARMA 	86 Pages	2011
Buddha Nature: the Mahayana Uttaratantra 	410 Pages	2009
Brihat Parashara Hora 	105 Pages	2016
Mayamatam vastu 	328 Pages	2002
Vastu for House eBook - Vastu 	30 Pages	2010
Saral Vastu 	258 Pages	2001
MARMA 	86 Pages	2011
Saral Vastu 	96 Pages	2004
Saral Vastu 	258 Pages	2001
Atma Siddhi 	147 Pages	2010
MARMA 	86 Pages	2011
Buddha Nature: the Mahayana Uttaratantra 	410 Pages	2009
Brihat Parashara Hora 	105 Pages	2016
Mayamatam vastu 	328 Pages	2002
Vastu for House eBook - Vastu 	30 Pages	2010
Saral Vastu 	258 Pages	2001
MARMA 	86 Pages	2011
Saral Vastu 	96 Pages	2004
Saral Vastu 	258 Pages	2001
Atma Siddhi 	147 Pages	2010
MARMA 	86 Pages	2011
Buddha Nature: the Mahayana Uttaratantra 	410 Pages	2009
Brihat Parashara Hora 	105 Pages	2016
Mayamatam vastu 	328 Pages	2002
Vastu for House eBook - Vastu 	30 Pages	2010
Saral Vastu 	258 Pages	2001
MARMA 	86 Pages	2011
Saral Vastu 	96 Pages	2004
Saral Vastu 	258 Pages	2001
Atma Siddhi 	147 Pages	2010
MARMA 	86 Pages	2011
Buddha Nature: the Mahayana Uttaratantra 	410 Pages	2009
Brihat Parashara Hora 	105 Pages	2016
