Taittiriya 	371 Pages	2004
Aitareya 	158 Pages	2002
Taittiriya 	330 Pages	2002
The Jaiminiya or Talavakara Upanisad 	183 Pages	2005
Taittiriya 	330 Pages	2002
The Satapatha 	444 Pages	2008
The Satapatha 	654 Pages	2008
The Satapatha 	456 Pages	2008
Kaushitaki 	205 Pages	2014
<b>Brahmana</b>	160 Pages	2012
dravida 	69 Pages	2014
dravida 	69 Pages	2014
dravida 	69 Pages	2014
prajapati in the 	65 Pages	2015
The Andhras are mentioned in the epic Aitareya 	63 Pages	2016
role of women in the 	58 Pages	2012
Die Struktur der magischen Weltanschauung nach dem Atharva-Veda und den 	52 Pages	1610
Tirupathi 	50 Pages	2016
INTR0DUCTION TO VEDAS, 	44 Pages	2008
CHAPTER - II Special characteristics of the Satapatha-	40 Pages	2016
Taittiriya 	371 Pages	2004
Aitareya 	158 Pages	2002
Taittiriya 	330 Pages	2002
The Jaiminiya or Talavakara Upanisad 	183 Pages	2005
Taittiriya 	330 Pages	2002
The Satapatha 	444 Pages	2008
The Satapatha 	654 Pages	2008
The Satapatha 	456 Pages	2008
Kaushitaki 	205 Pages	2014
<b>Brahmana</b>	160 Pages	2012
dravida 	69 Pages	2014
dravida 	69 Pages	2014
dravida 	69 Pages	2014
prajapati in the 	65 Pages	2015
The Andhras are mentioned in the epic Aitareya 	63 Pages	2016
role of women in the 	58 Pages	2012
Die Struktur der magischen Weltanschauung nach dem Atharva-Veda und den 	52 Pages	1610
Tirupathi 	50 Pages	2016
INTR0DUCTION TO VEDAS, 	44 Pages	2008
CHAPTER - II Special characteristics of the Satapatha-	40 Pages	2016
Taittiriya 	371 Pages	2004
Aitareya 	158 Pages	2002
Taittiriya 	330 Pages	2002
The Jaiminiya or Talavakara Upanisad 	183 Pages	2005
Taittiriya 	330 Pages	2002
The Satapatha 	444 Pages	2008
The Satapatha 	654 Pages	2008
The Satapatha 	456 Pages	2008
Kaushitaki 	205 Pages	2014
<b>Brahmana</b>	160 Pages	2012
dravida 	69 Pages	2014
dravida 	69 Pages	2014
dravida 	69 Pages	2014
prajapati in the 	65 Pages	2015
The Andhras are mentioned in the epic Aitareya 	63 Pages	2016
role of women in the 	58 Pages	2012
Die Struktur der magischen Weltanschauung nach dem Atharva-Veda und den 	52 Pages	1610
Tirupathi 	50 Pages	2016
INTR0DUCTION TO VEDAS, 	44 Pages	2008
CHAPTER - II Special characteristics of the Satapatha-	40 Pages	2016
Taittiriya 	371 Pages	2004
Aitareya 	158 Pages	2002
Taittiriya 	330 Pages	2002
The Jaiminiya or Talavakara Upanisad 	183 Pages	2005
Taittiriya 	330 Pages	2002
The Satapatha 	444 Pages	2008
The Satapatha 	654 Pages	2008
The Satapatha 	456 Pages	2008
Kaushitaki 	205 Pages	2014
<b>Brahmana</b>	160 Pages	2012
dravida 	69 Pages	2014
dravida 	69 Pages	2014
dravida 	69 Pages	2014
prajapati in the 	65 Pages	2015
The Andhras are mentioned in the epic Aitareya 	63 Pages	2016
role of women in the 	58 Pages	2012
Die Struktur der magischen Weltanschauung nach dem Atharva-Veda und den 	52 Pages	1610
Tirupathi 	50 Pages	2016
INTR0DUCTION TO VEDAS, 	44 Pages	2008
CHAPTER - II Special characteristics of the Satapatha-	40 Pages	2016
Taittiriya 	371 Pages	2004
Aitareya 	158 Pages	2002
Taittiriya 	330 Pages	2002
The Jaiminiya or Talavakara Upanisad 	183 Pages	2005
Taittiriya 	330 Pages	2002
The Satapatha 	444 Pages	2008
The Satapatha 	654 Pages	2008
The Satapatha 	456 Pages	2008
Kaushitaki 	205 Pages	2014
<b>Brahmana</b>	160 Pages	2012
dravida 	69 Pages	2014
dravida 	69 Pages	2014
dravida 	69 Pages	2014
prajapati in the 	65 Pages	2015
The Andhras are mentioned in the epic Aitareya 	63 Pages	2016
role of women in the 	58 Pages	2012
Die Struktur der magischen Weltanschauung nach dem Atharva-Veda und den 	52 Pages	1610
Tirupathi 	50 Pages	2016
INTR0DUCTION TO VEDAS, 	44 Pages	2008
CHAPTER - II Special characteristics of the Satapatha-	40 Pages	2016
Taittiriya 	371 Pages	2004
Aitareya 	158 Pages	2002
Taittiriya 	330 Pages	2002
The Jaiminiya or Talavakara Upanisad 	183 Pages	2005
Taittiriya 	330 Pages	2002
The Satapatha 	444 Pages	2008
The Satapatha 	654 Pages	2008
The Satapatha 	456 Pages	2008
Kaushitaki 	205 Pages	2014
<b>Brahmana</b>	160 Pages	2012
dravida 	69 Pages	2014
dravida 	69 Pages	2014
dravida 	69 Pages	2014
prajapati in the 	65 Pages	2015
The Andhras are mentioned in the epic Aitareya 	63 Pages	2016
role of women in the 	58 Pages	2012
Die Struktur der magischen Weltanschauung nach dem Atharva-Veda und den 	52 Pages	1610
Tirupathi 	50 Pages	2016
INTR0DUCTION TO VEDAS, 	44 Pages	2008
CHAPTER - II Special characteristics of the Satapatha-	40 Pages	2016
Taittiriya 	371 Pages	2004
Aitareya 	158 Pages	2002
Taittiriya 	330 Pages	2002
The Jaiminiya or Talavakara Upanisad 	183 Pages	2005
Taittiriya 	330 Pages	2002
The Satapatha 	444 Pages	2008
The Satapatha 	654 Pages	2008
The Satapatha 	456 Pages	2008
Kaushitaki 	205 Pages	2014
<b>Brahmana</b>	160 Pages	2012
dravida 	69 Pages	2014
dravida 	69 Pages	2014
dravida 	69 Pages	2014
prajapati in the 	65 Pages	2015
The Andhras are mentioned in the epic Aitareya 	63 Pages	2016
role of women in the 	58 Pages	2012
Die Struktur der magischen Weltanschauung nach dem Atharva-Veda und den 	52 Pages	1610
Tirupathi 	50 Pages	2016
INTR0DUCTION TO VEDAS, 	44 Pages	2008
CHAPTER - II Special characteristics of the Satapatha-	40 Pages	2016
Taittiriya 	371 Pages	2004
Aitareya 	158 Pages	2002
Taittiriya 	330 Pages	2002
The Jaiminiya or Talavakara Upanisad 	183 Pages	2005
Taittiriya 	330 Pages	2002
The Satapatha 	444 Pages	2008
The Satapatha 	654 Pages	2008
The Satapatha 	456 Pages	2008
Kaushitaki 	205 Pages	2014
<b>Brahmana</b>	160 Pages	2012
dravida 	69 Pages	2014
dravida 	69 Pages	2014
dravida 	69 Pages	2014
prajapati in the 	65 Pages	2015
The Andhras are mentioned in the epic Aitareya 	63 Pages	2016
role of women in the 	58 Pages	2012
Die Struktur der magischen Weltanschauung nach dem Atharva-Veda und den 	52 Pages	1610
Tirupathi 	50 Pages	2016
INTR0DUCTION TO VEDAS, 	44 Pages	2008
CHAPTER - II Special characteristics of the Satapatha-	40 Pages	2016
Taittiriya 	371 Pages	2004
Aitareya 	158 Pages	2002
Taittiriya 	330 Pages	2002
The Jaiminiya or Talavakara Upanisad 	183 Pages	2005
Taittiriya 	330 Pages	2002
The Satapatha 	444 Pages	2008
The Satapatha 	654 Pages	2008
The Satapatha 	456 Pages	2008
Kaushitaki 	205 Pages	2014
<b>Brahmana</b>	160 Pages	2012
dravida 	69 Pages	2014
dravida 	69 Pages	2014
dravida 	69 Pages	2014
prajapati in the 	65 Pages	2015
The Andhras are mentioned in the epic Aitareya 	63 Pages	2016
role of women in the 	58 Pages	2012
Die Struktur der magischen Weltanschauung nach dem Atharva-Veda und den 	52 Pages	1610
Tirupathi 	50 Pages	2016
INTR0DUCTION TO VEDAS, 	44 Pages	2008
CHAPTER - II Special characteristics of the Satapatha-	40 Pages	2016
Taittiriya 	371 Pages	2004
Aitareya 	158 Pages	2002
Taittiriya 	330 Pages	2002
The Jaiminiya or Talavakara Upanisad 	183 Pages	2005
Taittiriya 	330 Pages	2002
The Satapatha 	444 Pages	2008
The Satapatha 	654 Pages	2008
The Satapatha 	456 Pages	2008
Kaushitaki 	205 Pages	2014
<b>Brahmana</b>	160 Pages	2012
dravida 	69 Pages	2014
dravida 	69 Pages	2014
dravida 	69 Pages	2014
prajapati in the 	65 Pages	2015
The Andhras are mentioned in the epic Aitareya 	63 Pages	2016
role of women in the 	58 Pages	2012
Die Struktur der magischen Weltanschauung nach dem Atharva-Veda und den 	52 Pages	1610
Tirupathi 	50 Pages	2016
INTR0DUCTION TO VEDAS, 	44 Pages	2008
CHAPTER - II Special characteristics of the Satapatha-	40 Pages	2016
Taittiriya 	371 Pages	2004
Aitareya 	158 Pages	2002
Taittiriya 	330 Pages	2002
The Jaiminiya or Talavakara Upanisad 	183 Pages	2005
Taittiriya 	330 Pages	2002
The Satapatha 	444 Pages	2008
The Satapatha 	654 Pages	2008
The Satapatha 	456 Pages	2008
Kaushitaki 	205 Pages	2014
<b>Brahmana</b>	160 Pages	2012
dravida 	69 Pages	2014
dravida 	69 Pages	2014
dravida 	69 Pages	2014
prajapati in the 	65 Pages	2015
The Andhras are mentioned in the epic Aitareya 	63 Pages	2016
role of women in the 	58 Pages	2012
Die Struktur der magischen Weltanschauung nach dem Atharva-Veda und den 	52 Pages	1610
Tirupathi 	50 Pages	2016
INTR0DUCTION TO VEDAS, 	44 Pages	2008
CHAPTER - II Special characteristics of the Satapatha-	40 Pages	2016
Taittiriya 	371 Pages	2004
Aitareya 	158 Pages	2002
Taittiriya 	330 Pages	2002
The Jaiminiya or Talavakara Upanisad 	183 Pages	2005
Taittiriya 	330 Pages	2002
The Satapatha 	444 Pages	2008
The Satapatha 	654 Pages	2008
The Satapatha 	456 Pages	2008
Kaushitaki 	205 Pages	2014
<b>Brahmana</b>	160 Pages	2012
dravida 	69 Pages	2014
dravida 	69 Pages	2014
dravida 	69 Pages	2014
prajapati in the 	65 Pages	2015
The Andhras are mentioned in the epic Aitareya 	63 Pages	2016
role of women in the 	58 Pages	2012
Die Struktur der magischen Weltanschauung nach dem Atharva-Veda und den 	52 Pages	1610
Tirupathi 	50 Pages	2016
INTR0DUCTION TO VEDAS, 	44 Pages	2008
CHAPTER - II Special characteristics of the Satapatha-	40 Pages	2016
Taittiriya 	371 Pages	2004
Aitareya 	158 Pages	2002
Taittiriya 	330 Pages	2002
The Jaiminiya or Talavakara Upanisad 	183 Pages	2005
Taittiriya 	330 Pages	2002
The Satapatha 	444 Pages	2008
The Satapatha 	654 Pages	2008
The Satapatha 	456 Pages	2008
Kaushitaki 	205 Pages	2014
<b>Brahmana</b>	160 Pages	2012
dravida 	69 Pages	2014
dravida 	69 Pages	2014
dravida 	69 Pages	2014
prajapati in the 	65 Pages	2015
The Andhras are mentioned in the epic Aitareya 	63 Pages	2016
role of women in the 	58 Pages	2012
Die Struktur der magischen Weltanschauung nach dem Atharva-Veda und den 	52 Pages	1610
Tirupathi 	50 Pages	2016
INTR0DUCTION TO VEDAS, 	44 Pages	2008
CHAPTER - II Special characteristics of the Satapatha-	40 Pages	2016
Taittiriya 	371 Pages	2004
Aitareya 	158 Pages	2002
Taittiriya 	330 Pages	2002
The Jaiminiya or Talavakara Upanisad 	183 Pages	2005
Taittiriya 	330 Pages	2002
The Satapatha 	444 Pages	2008
The Satapatha 	654 Pages	2008
The Satapatha 	456 Pages	2008
Kaushitaki 	205 Pages	2014
<b>Brahmana</b>	160 Pages	2012
dravida 	69 Pages	2014
dravida 	69 Pages	2014
dravida 	69 Pages	2014
prajapati in the 	65 Pages	2015
The Andhras are mentioned in the epic Aitareya 	63 Pages	2016
role of women in the 	58 Pages	2012
Die Struktur der magischen Weltanschauung nach dem Atharva-Veda und den 	52 Pages	1610
Tirupathi 	50 Pages	2016
INTR0DUCTION TO VEDAS, 	44 Pages	2008
CHAPTER - II Special characteristics of the Satapatha-	40 Pages	2016
Taittiriya 	371 Pages	2004
Aitareya 	158 Pages	2002
Taittiriya 	330 Pages	2002
The Jaiminiya or Talavakara Upanisad 	183 Pages	2005
Taittiriya 	330 Pages	2002
The Satapatha 	444 Pages	2008
The Satapatha 	654 Pages	2008
The Satapatha 	456 Pages	2008
Kaushitaki 	205 Pages	2014
<b>Brahmana</b>	160 Pages	2012
dravida 	69 Pages	2014
dravida 	69 Pages	2014
dravida 	69 Pages	2014
prajapati in the 	65 Pages	2015
The Andhras are mentioned in the epic Aitareya 	63 Pages	2016
role of women in the 	58 Pages	2012
Die Struktur der magischen Weltanschauung nach dem Atharva-Veda und den 	52 Pages	1610
Tirupathi 	50 Pages	2016
INTR0DUCTION TO VEDAS, 	44 Pages	2008
CHAPTER - II Special characteristics of the Satapatha-	40 Pages	2016
Taittiriya 	371 Pages	2004
Aitareya 	158 Pages	2002
Taittiriya 	330 Pages	2002
The Jaiminiya or Talavakara Upanisad 	183 Pages	2005
Taittiriya 	330 Pages	2002
The Satapatha 	444 Pages	2008
The Satapatha 	654 Pages	2008
The Satapatha 	456 Pages	2008
Kaushitaki 	205 Pages	2014
<b>Brahmana</b>	160 Pages	2012
dravida 	69 Pages	2014
dravida 	69 Pages	2014
dravida 	69 Pages	2014
prajapati in the 	65 Pages	2015
The Andhras are mentioned in the epic Aitareya 	63 Pages	2016
role of women in the 	58 Pages	2012
Die Struktur der magischen Weltanschauung nach dem Atharva-Veda und den 	52 Pages	1610
Tirupathi 	50 Pages	2016
INTR0DUCTION TO VEDAS, 	44 Pages	2008
CHAPTER - II Special characteristics of the Satapatha-	40 Pages	2016
Taittiriya 	371 Pages	2004
Aitareya 	158 Pages	2002
Taittiriya 	330 Pages	2002
The Jaiminiya or Talavakara Upanisad 	183 Pages	2005
Taittiriya 	330 Pages	2002
The Satapatha 	444 Pages	2008
The Satapatha 	654 Pages	2008
The Satapatha 	456 Pages	2008
Kaushitaki 	205 Pages	2014
<b>Brahmana</b>	160 Pages	2012
dravida 	69 Pages	2014
dravida 	69 Pages	2014
dravida 	69 Pages	2014
prajapati in the 	65 Pages	2015
The Andhras are mentioned in the epic Aitareya 	63 Pages	2016
role of women in the 	58 Pages	2012
Die Struktur der magischen Weltanschauung nach dem Atharva-Veda und den 	52 Pages	1610
Tirupathi 	50 Pages	2016
INTR0DUCTION TO VEDAS, 	44 Pages	2008
CHAPTER - II Special characteristics of the Satapatha-	40 Pages	2016
Taittiriya 	371 Pages	2004
Aitareya 	158 Pages	2002
Taittiriya 	330 Pages	2002
The Jaiminiya or Talavakara Upanisad 	183 Pages	2005
Taittiriya 	330 Pages	2002
The Satapatha 	444 Pages	2008
The Satapatha 	654 Pages	2008
The Satapatha 	456 Pages	2008
Kaushitaki 	205 Pages	2014
<b>Brahmana</b>	160 Pages	2012
dravida 	69 Pages	2014
dravida 	69 Pages	2014
dravida 	69 Pages	2014
prajapati in the 	65 Pages	2015
The Andhras are mentioned in the epic Aitareya 	63 Pages	2016
role of women in the 	58 Pages	2012
Die Struktur der magischen Weltanschauung nach dem Atharva-Veda und den 	52 Pages	1610
Tirupathi 	50 Pages	2016
INTR0DUCTION TO VEDAS, 	44 Pages	2008
CHAPTER - II Special characteristics of the Satapatha-	40 Pages	2016
Taittiriya 	371 Pages	2004
Aitareya 	158 Pages	2002
Taittiriya 	330 Pages	2002
The Jaiminiya or Talavakara Upanisad 	183 Pages	2005
Taittiriya 	330 Pages	2002
The Satapatha 	444 Pages	2008
The Satapatha 	654 Pages	2008
The Satapatha 	456 Pages	2008
Kaushitaki 	205 Pages	2014
<b>Brahmana</b>	160 Pages	2012
dravida 	69 Pages	2014
dravida 	69 Pages	2014
dravida 	69 Pages	2014
prajapati in the 	65 Pages	2015
The Andhras are mentioned in the epic Aitareya 	63 Pages	2016
role of women in the 	58 Pages	2012
Die Struktur der magischen Weltanschauung nach dem Atharva-Veda und den 	52 Pages	1610
Tirupathi 	50 Pages	2016
INTR0DUCTION TO VEDAS, 	44 Pages	2008
CHAPTER - II Special characteristics of the Satapatha-	40 Pages	2016
Taittiriya 	371 Pages	2004
Aitareya 	158 Pages	2002
Taittiriya 	330 Pages	2002
The Jaiminiya or Talavakara Upanisad 	183 Pages	2005
Taittiriya 	330 Pages	2002
The Satapatha 	444 Pages	2008
The Satapatha 	654 Pages	2008
The Satapatha 	456 Pages	2008
Kaushitaki 	205 Pages	2014
<b>Brahmana</b>	160 Pages	2012
dravida 	69 Pages	2014
dravida 	69 Pages	2014
dravida 	69 Pages	2014
prajapati in the 	65 Pages	2015
The Andhras are mentioned in the epic Aitareya 	63 Pages	2016
role of women in the 	58 Pages	2012
Die Struktur der magischen Weltanschauung nach dem Atharva-Veda und den 	52 Pages	1610
Tirupathi 	50 Pages	2016
INTR0DUCTION TO VEDAS, 	44 Pages	2008
CHAPTER - II Special characteristics of the Satapatha-	40 Pages	2016
Taittiriya 	371 Pages	2004
Aitareya 	158 Pages	2002
Taittiriya 	330 Pages	2002
The Jaiminiya or Talavakara Upanisad 	183 Pages	2005
Taittiriya 	330 Pages	2002
The Satapatha 	444 Pages	2008
The Satapatha 	654 Pages	2008
The Satapatha 	456 Pages	2008
Kaushitaki 	205 Pages	2014
<b>Brahmana</b>	160 Pages	2012
dravida 	69 Pages	2014
dravida 	69 Pages	2014
dravida 	69 Pages	2014
prajapati in the 	65 Pages	2015
The Andhras are mentioned in the epic Aitareya 	63 Pages	2016
role of women in the 	58 Pages	2012
Die Struktur der magischen Weltanschauung nach dem Atharva-Veda und den 	52 Pages	1610
Tirupathi 	50 Pages	2016
INTR0DUCTION TO VEDAS, 	44 Pages	2008
CHAPTER - II Special characteristics of the Satapatha-	40 Pages	2016
Taittiriya 	371 Pages	2004
Aitareya 	158 Pages	2002
Taittiriya 	330 Pages	2002
The Jaiminiya or Talavakara Upanisad 	183 Pages	2005
Taittiriya 	330 Pages	2002
The Satapatha 	444 Pages	2008
The Satapatha 	654 Pages	2008
The Satapatha 	456 Pages	2008
Kaushitaki 	205 Pages	2014
<b>Brahmana</b>	160 Pages	2012
dravida 	69 Pages	2014
dravida 	69 Pages	2014
dravida 	69 Pages	2014
prajapati in the 	65 Pages	2015
The Andhras are mentioned in the epic Aitareya 	63 Pages	2016
role of women in the 	58 Pages	2012
Die Struktur der magischen Weltanschauung nach dem Atharva-Veda und den 	52 Pages	1610
Tirupathi 	50 Pages	2016
INTR0DUCTION TO VEDAS, 	44 Pages	2008
CHAPTER - II Special characteristics of the Satapatha-	40 Pages	2016
