Book. Bhrigu 	304 Pages	2013
Caraka 	270 Pages	2001
Charaka 	678 Pages	2003
Rig Veda 	700 Pages	2007
Sushruta 	450 Pages	2010
Susruta 	822 Pages	2008
Brihat 	492 Pages	2011
ashtavakra 	247 Pages	2008
Charaka 	678 Pages	2003
Shiva 	90 Pages	2012
An English translation of the Sushruta 	534 Pages	2010
Book. Bhrigu 	304 Pages	2013
Caraka 	270 Pages	2001
Charaka 	678 Pages	2003
Rig Veda 	700 Pages	2007
Sushruta 	450 Pages	2010
Susruta 	822 Pages	2008
Brihat 	492 Pages	2011
ashtavakra 	247 Pages	2008
Charaka 	678 Pages	2003
Shiva 	90 Pages	2012
An English translation of the Sushruta 	534 Pages	2010
Book. Bhrigu 	304 Pages	2013
Caraka 	270 Pages	2001
Charaka 	678 Pages	2003
Rig Veda 	700 Pages	2007
Sushruta 	450 Pages	2010
Susruta 	822 Pages	2008
Brihat 	492 Pages	2011
ashtavakra 	247 Pages	2008
Charaka 	678 Pages	2003
Shiva 	90 Pages	2012
An English translation of the Sushruta 	534 Pages	2010
Book. Bhrigu 	304 Pages	2013
Caraka 	270 Pages	2001
Charaka 	678 Pages	2003
Rig Veda 	700 Pages	2007
Sushruta 	450 Pages	2010
Susruta 	822 Pages	2008
Brihat 	492 Pages	2011
ashtavakra 	247 Pages	2008
Charaka 	678 Pages	2003
Shiva 	90 Pages	2012
An English translation of the Sushruta 	534 Pages	2010
Book. Bhrigu 	304 Pages	2013
Caraka 	270 Pages	2001
Charaka 	678 Pages	2003
Rig Veda 	700 Pages	2007
Sushruta 	450 Pages	2010
Susruta 	822 Pages	2008
Brihat 	492 Pages	2011
ashtavakra 	247 Pages	2008
Charaka 	678 Pages	2003
Shiva 	90 Pages	2012
An English translation of the Sushruta 	534 Pages	2010
Book. Bhrigu 	304 Pages	2013
Caraka 	270 Pages	2001
Charaka 	678 Pages	2003
Rig Veda 	700 Pages	2007
Sushruta 	450 Pages	2010
Susruta 	822 Pages	2008
Brihat 	492 Pages	2011
ashtavakra 	247 Pages	2008
Charaka 	678 Pages	2003
Shiva 	90 Pages	2012
An English translation of the Sushruta 	534 Pages	2010
Book. Bhrigu 	304 Pages	2013
Caraka 	270 Pages	2001
Charaka 	678 Pages	2003
Rig Veda 	700 Pages	2007
Sushruta 	450 Pages	2010
Susruta 	822 Pages	2008
Brihat 	492 Pages	2011
ashtavakra 	247 Pages	2008
Charaka 	678 Pages	2003
Shiva 	90 Pages	2012
An English translation of the Sushruta 	534 Pages	2010
Book. Bhrigu 	304 Pages	2013
Caraka 	270 Pages	2001
Charaka 	678 Pages	2003
Rig Veda 	700 Pages	2007
Sushruta 	450 Pages	2010
Susruta 	822 Pages	2008
Brihat 	492 Pages	2011
ashtavakra 	247 Pages	2008
Charaka 	678 Pages	2003
Shiva 	90 Pages	2012
An English translation of the Sushruta 	534 Pages	2010
Book. Bhrigu 	304 Pages	2013
Caraka 	270 Pages	2001
Charaka 	678 Pages	2003
Rig Veda 	700 Pages	2007
Sushruta 	450 Pages	2010
Susruta 	822 Pages	2008
Brihat 	492 Pages	2011
ashtavakra 	247 Pages	2008
Charaka 	678 Pages	2003
Shiva 	90 Pages	2012
An English translation of the Sushruta 	534 Pages	2010
Book. Bhrigu 	304 Pages	2013
Caraka 	270 Pages	2001
Charaka 	678 Pages	2003
Rig Veda 	700 Pages	2007
Sushruta 	450 Pages	2010
Susruta 	822 Pages	2008
Brihat 	492 Pages	2011
ashtavakra 	247 Pages	2008
Charaka 	678 Pages	2003
Shiva 	90 Pages	2012
An English translation of the Sushruta 	534 Pages	2010
Book. Bhrigu 	304 Pages	2013
Caraka 	270 Pages	2001
Charaka 	678 Pages	2003
Rig Veda 	700 Pages	2007
Sushruta 	450 Pages	2010
Susruta 	822 Pages	2008
Brihat 	492 Pages	2011
ashtavakra 	247 Pages	2008
Charaka 	678 Pages	2003
Shiva 	90 Pages	2012
An English translation of the Sushruta 	534 Pages	2010
Book. Bhrigu 	304 Pages	2013
Caraka 	270 Pages	2001
Charaka 	678 Pages	2003
Rig Veda 	700 Pages	2007
Sushruta 	450 Pages	2010
Susruta 	822 Pages	2008
Brihat 	492 Pages	2011
ashtavakra 	247 Pages	2008
Charaka 	678 Pages	2003
Shiva 	90 Pages	2012
An English translation of the Sushruta 	534 Pages	2010
Book. Bhrigu 	304 Pages	2013
Caraka 	270 Pages	2001
Charaka 	678 Pages	2003
Rig Veda 	700 Pages	2007
Sushruta 	450 Pages	2010
Susruta 	822 Pages	2008
Brihat 	492 Pages	2011
ashtavakra 	247 Pages	2008
Charaka 	678 Pages	2003
Shiva 	90 Pages	2012
An English translation of the Sushruta 	534 Pages	2010
Book. Bhrigu 	304 Pages	2013
Caraka 	270 Pages	2001
Charaka 	678 Pages	2003
Rig Veda 	700 Pages	2007
Sushruta 	450 Pages	2010
Susruta 	822 Pages	2008
Brihat 	492 Pages	2011
ashtavakra 	247 Pages	2008
Charaka 	678 Pages	2003
Shiva 	90 Pages	2012
An English translation of the Sushruta 	534 Pages	2010
Book. Bhrigu 	304 Pages	2013
Caraka 	270 Pages	2001
Charaka 	678 Pages	2003
Rig Veda 	700 Pages	2007
Sushruta 	450 Pages	2010
Susruta 	822 Pages	2008
Brihat 	492 Pages	2011
ashtavakra 	247 Pages	2008
Charaka 	678 Pages	2003
Shiva 	90 Pages	2012
An English translation of the Sushruta 	534 Pages	2010
Book. Bhrigu 	304 Pages	2013
Caraka 	270 Pages	2001
Charaka 	678 Pages	2003
Rig Veda 	700 Pages	2007
Sushruta 	450 Pages	2010
Susruta 	822 Pages	2008
Brihat 	492 Pages	2011
ashtavakra 	247 Pages	2008
Charaka 	678 Pages	2003
Shiva 	90 Pages	2012
An English translation of the Sushruta 	534 Pages	2010
Book. Bhrigu 	304 Pages	2013
Caraka 	270 Pages	2001
Charaka 	678 Pages	2003
Rig Veda 	700 Pages	2007
Sushruta 	450 Pages	2010
Susruta 	822 Pages	2008
Brihat 	492 Pages	2011
ashtavakra 	247 Pages	2008
Charaka 	678 Pages	2003
Shiva 	90 Pages	2012
An English translation of the Sushruta 	534 Pages	2010
Book. Bhrigu 	304 Pages	2013
Caraka 	270 Pages	2001
Charaka 	678 Pages	2003
Rig Veda 	700 Pages	2007
Sushruta 	450 Pages	2010
Susruta 	822 Pages	2008
Brihat 	492 Pages	2011
ashtavakra 	247 Pages	2008
Charaka 	678 Pages	2003
Shiva 	90 Pages	2012
An English translation of the Sushruta 	534 Pages	2010
Book. Bhrigu 	304 Pages	2013
Caraka 	270 Pages	2001
Charaka 	678 Pages	2003
Rig Veda 	700 Pages	2007
Sushruta 	450 Pages	2010
Susruta 	822 Pages	2008
Brihat 	492 Pages	2011
ashtavakra 	247 Pages	2008
Charaka 	678 Pages	2003
Shiva 	90 Pages	2012
An English translation of the Sushruta 	534 Pages	2010
Book. Bhrigu 	304 Pages	2013
Caraka 	270 Pages	2001
Charaka 	678 Pages	2003
Rig Veda 	700 Pages	2007
Sushruta 	450 Pages	2010
Susruta 	822 Pages	2008
Brihat 	492 Pages	2011
ashtavakra 	247 Pages	2008
Charaka 	678 Pages	2003
Shiva 	90 Pages	2012
An English translation of the Sushruta 	534 Pages	2010
Book. Bhrigu 	304 Pages	2013
Caraka 	270 Pages	2001
Charaka 	678 Pages	2003
Rig Veda 	700 Pages	2007
Sushruta 	450 Pages	2010
Susruta 	822 Pages	2008
Brihat 	492 Pages	2011
ashtavakra 	247 Pages	2008
Charaka 	678 Pages	2003
Shiva 	90 Pages	2012
An English translation of the Sushruta 	534 Pages	2010
Book. Bhrigu 	304 Pages	2013
Caraka 	270 Pages	2001
Charaka 	678 Pages	2003
Rig Veda 	700 Pages	2007
Sushruta 	450 Pages	2010
Susruta 	822 Pages	2008
Brihat 	492 Pages	2011
ashtavakra 	247 Pages	2008
Charaka 	678 Pages	2003
Shiva 	90 Pages	2012
An English translation of the Sushruta 	534 Pages	2010
Book. Bhrigu 	304 Pages	2013
Caraka 	270 Pages	2001
Charaka 	678 Pages	2003
Rig Veda 	700 Pages	2007
Sushruta 	450 Pages	2010
Susruta 	822 Pages	2008
Brihat 	492 Pages	2011
ashtavakra 	247 Pages	2008
Charaka 	678 Pages	2003
Shiva 	90 Pages	2012
An English translation of the Sushruta 	534 Pages	2010
Book. Bhrigu 	304 Pages	2013
Caraka 	270 Pages	2001
Charaka 	678 Pages	2003
Rig Veda 	700 Pages	2007
Sushruta 	450 Pages	2010
Susruta 	822 Pages	2008
Brihat 	492 Pages	2011
ashtavakra 	247 Pages	2008
Charaka 	678 Pages	2003
Shiva 	90 Pages	2012
An English translation of the Sushruta 	534 Pages	2010
Book. Bhrigu 	304 Pages	2013
Caraka 	270 Pages	2001
Charaka 	678 Pages	2003
Rig Veda 	700 Pages	2007
Sushruta 	450 Pages	2010
Susruta 	822 Pages	2008
Brihat 	492 Pages	2011
ashtavakra 	247 Pages	2008
Charaka 	678 Pages	2003
Shiva 	90 Pages	2012
An English translation of the Sushruta 	534 Pages	2010
Book. Bhrigu 	304 Pages	2013
Caraka 	270 Pages	2001
Charaka 	678 Pages	2003
Rig Veda 	700 Pages	2007
Sushruta 	450 Pages	2010
Susruta 	822 Pages	2008
Brihat 	492 Pages	2011
ashtavakra 	247 Pages	2008
Charaka 	678 Pages	2003
Shiva 	90 Pages	2012
An English translation of the Sushruta 	534 Pages	2010
Book. Bhrigu 	304 Pages	2013
Caraka 	270 Pages	2001
Charaka 	678 Pages	2003
Rig Veda 	700 Pages	2007
Sushruta 	450 Pages	2010
Susruta 	822 Pages	2008
Brihat 	492 Pages	2011
ashtavakra 	247 Pages	2008
Charaka 	678 Pages	2003
Shiva 	90 Pages	2012
An English translation of the Sushruta 	534 Pages	2010
Book. Bhrigu 	304 Pages	2013
Caraka 	270 Pages	2001
Charaka 	678 Pages	2003
Rig Veda 	700 Pages	2007
Sushruta 	450 Pages	2010
Susruta 	822 Pages	2008
Brihat 	492 Pages	2011
ashtavakra 	247 Pages	2008
Charaka 	678 Pages	2003
Shiva 	90 Pages	2012
An English translation of the Sushruta 	534 Pages	2010
Book. Bhrigu 	304 Pages	2013
Caraka 	270 Pages	2001
Charaka 	678 Pages	2003
Rig Veda 	700 Pages	2007
Sushruta 	450 Pages	2010
Susruta 	822 Pages	2008
Brihat 	492 Pages	2011
ashtavakra 	247 Pages	2008
Charaka 	678 Pages	2003
Shiva 	90 Pages	2012
An English translation of the Sushruta 	534 Pages	2010
Book. Bhrigu 	304 Pages	2013
Caraka 	270 Pages	2001
Charaka 	678 Pages	2003
Rig Veda 	700 Pages	2007
Sushruta 	450 Pages	2010
Susruta 	822 Pages	2008
Brihat 	492 Pages	2011
ashtavakra 	247 Pages	2008
Charaka 	678 Pages	2003
Shiva 	90 Pages	2012
An English translation of the Sushruta 	534 Pages	2010
Book. Bhrigu 	304 Pages	2013
Caraka 	270 Pages	2001
Charaka 	678 Pages	2003
Rig Veda 	700 Pages	2007
Sushruta 	450 Pages	2010
Susruta 	822 Pages	2008
Brihat 	492 Pages	2011
ashtavakra 	247 Pages	2008
Charaka 	678 Pages	2003
Shiva 	90 Pages	2012
An English translation of the Sushruta 	534 Pages	2010
Book. Bhrigu 	304 Pages	2013
Caraka 	270 Pages	2001
Charaka 	678 Pages	2003
Rig Veda 	700 Pages	2007
Sushruta 	450 Pages	2010
Susruta 	822 Pages	2008
Brihat 	492 Pages	2011
ashtavakra 	247 Pages	2008
Charaka 	678 Pages	2003
Shiva 	90 Pages	2012
An English translation of the Sushruta 	534 Pages	2010
Book. Bhrigu 	304 Pages	2013
Caraka 	270 Pages	2001
Charaka 	678 Pages	2003
Rig Veda 	700 Pages	2007
Sushruta 	450 Pages	2010
Susruta 	822 Pages	2008
Brihat 	492 Pages	2011
ashtavakra 	247 Pages	2008
Charaka 	678 Pages	2003
Shiva 	90 Pages	2012
An English translation of the Sushruta 	534 Pages	2010
Book. Bhrigu 	304 Pages	2013
Caraka 	270 Pages	2001
Charaka 	678 Pages	2003
Rig Veda 	700 Pages	2007
Sushruta 	450 Pages	2010
Susruta 	822 Pages	2008
Brihat 	492 Pages	2011
ashtavakra 	247 Pages	2008
Charaka 	678 Pages	2003
Shiva 	90 Pages	2012
An English translation of the Sushruta 	534 Pages	2010
Book. Bhrigu 	304 Pages	2013
Caraka 	270 Pages	2001
Charaka 	678 Pages	2003
Rig Veda 	700 Pages	2007
Sushruta 	450 Pages	2010
Susruta 	822 Pages	2008
Brihat 	492 Pages	2011
ashtavakra 	247 Pages	2008
Charaka 	678 Pages	2003
Shiva 	90 Pages	2012
An English translation of the Sushruta 	534 Pages	2010
Book. Bhrigu 	304 Pages	2013
Caraka 	270 Pages	2001
Charaka 	678 Pages	2003
Rig Veda 	700 Pages	2007
Sushruta 	450 Pages	2010
Susruta 	822 Pages	2008
Brihat 	492 Pages	2011
ashtavakra 	247 Pages	2008
Charaka 	678 Pages	2003
Shiva 	90 Pages	2012
An English translation of the Sushruta 	534 Pages	2010
Book. Bhrigu 	304 Pages	2013
Caraka 	270 Pages	2001
Charaka 	678 Pages	2003
Rig Veda 	700 Pages	2007
Sushruta 	450 Pages	2010
Susruta 	822 Pages	2008
Brihat 	492 Pages	2011
ashtavakra 	247 Pages	2008
Charaka 	678 Pages	2003
Shiva 	90 Pages	2012
An English translation of the Sushruta 	534 Pages	2010
Book. Bhrigu 	304 Pages	2013
Caraka 	270 Pages	2001
Charaka 	678 Pages	2003
Rig Veda 	700 Pages	2007
Sushruta 	450 Pages	2010
Susruta 	822 Pages	2008
Brihat 	492 Pages	2011
ashtavakra 	247 Pages	2008
Charaka 	678 Pages	2003
Shiva 	90 Pages	2012
An English translation of the Sushruta 	534 Pages	2010
Book. Bhrigu 	304 Pages	2013
Caraka 	270 Pages	2001
Charaka 	678 Pages	2003
Rig Veda 	700 Pages	2007
Sushruta 	450 Pages	2010
Susruta 	822 Pages	2008
Brihat 	492 Pages	2011
ashtavakra 	247 Pages	2008
Charaka 	678 Pages	2003
Shiva 	90 Pages	2012
An English translation of the Sushruta 	534 Pages	2010
Book. Bhrigu 	304 Pages	2013
Caraka 	270 Pages	2001
Charaka 	678 Pages	2003
Rig Veda 	700 Pages	2007
Sushruta 	450 Pages	2010
Susruta 	822 Pages	2008
Brihat 	492 Pages	2011
ashtavakra 	247 Pages	2008
Charaka 	678 Pages	2003
Shiva 	90 Pages	2012
An English translation of the Sushruta 	534 Pages	2010
Book. Bhrigu 	304 Pages	2013
Caraka 	270 Pages	2001
Charaka 	678 Pages	2003
Rig Veda 	700 Pages	2007
Sushruta 	450 Pages	2010
Susruta 	822 Pages	2008
Brihat 	492 Pages	2011
ashtavakra 	247 Pages	2008
Charaka 	678 Pages	2003
Shiva 	90 Pages	2012
An English translation of the Sushruta 	534 Pages	2010
Book. Bhrigu 	304 Pages	2013
Caraka 	270 Pages	2001
Charaka 	678 Pages	2003
Rig Veda 	700 Pages	2007
Sushruta 	450 Pages	2010
Susruta 	822 Pages	2008
Brihat 	492 Pages	2011
ashtavakra 	247 Pages	2008
Charaka 	678 Pages	2003
Shiva 	90 Pages	2012
An English translation of the Sushruta 	534 Pages	2010
Book. Bhrigu 	304 Pages	2013
Caraka 	270 Pages	2001
Charaka 	678 Pages	2003
Rig Veda 	700 Pages	2007
Sushruta 	450 Pages	2010
Susruta 	822 Pages	2008
Brihat 	492 Pages	2011
ashtavakra 	247 Pages	2008
Charaka 	678 Pages	2003
Shiva 	90 Pages	2012
An English translation of the Sushruta 	534 Pages	2010
Book. Bhrigu 	304 Pages	2013
Caraka 	270 Pages	2001
Charaka 	678 Pages	2003
Rig Veda 	700 Pages	2007
Sushruta 	450 Pages	2010
Susruta 	822 Pages	2008
Brihat 	492 Pages	2011
ashtavakra 	247 Pages	2008
Charaka 	678 Pages	2003
Shiva 	90 Pages	2012
An English translation of the Sushruta 	534 Pages	2010
Book. Bhrigu 	304 Pages	2013
Caraka 	270 Pages	2001
Charaka 	678 Pages	2003
Rig Veda 	700 Pages	2007
Sushruta 	450 Pages	2010
Susruta 	822 Pages	2008
Brihat 	492 Pages	2011
ashtavakra 	247 Pages	2008
Charaka 	678 Pages	2003
Shiva 	90 Pages	2012
An English translation of the Sushruta 	534 Pages	2010
Book. Bhrigu 	304 Pages	2013
Caraka 	270 Pages	2001
Charaka 	678 Pages	2003
Rig Veda 	700 Pages	2007
Sushruta 	450 Pages	2010
Susruta 	822 Pages	2008
Brihat 	492 Pages	2011
ashtavakra 	247 Pages	2008
Charaka 	678 Pages	2003
Shiva 	90 Pages	2012
An English translation of the Sushruta 	534 Pages	2010
Book. Bhrigu 	304 Pages	2013
Caraka 	270 Pages	2001
Charaka 	678 Pages	2003
Rig Veda 	700 Pages	2007
Sushruta 	450 Pages	2010
Susruta 	822 Pages	2008
Brihat 	492 Pages	2011
ashtavakra 	247 Pages	2008
Charaka 	678 Pages	2003
Shiva 	90 Pages	2012
An English translation of the Sushruta 	534 Pages	2010
Book. Bhrigu 	304 Pages	2013
Caraka 	270 Pages	2001
Charaka 	678 Pages	2003
Rig Veda 	700 Pages	2007
Sushruta 	450 Pages	2010
Susruta 	822 Pages	2008
Brihat 	492 Pages	2011
ashtavakra 	247 Pages	2008
Charaka 	678 Pages	2003
Shiva 	90 Pages	2012
An English translation of the Sushruta 	534 Pages	2010
Book. Bhrigu 	304 Pages	2013
Caraka 	270 Pages	2001
Charaka 	678 Pages	2003
Rig Veda 	700 Pages	2007
Sushruta 	450 Pages	2010
Susruta 	822 Pages	2008
Brihat 	492 Pages	2011
ashtavakra 	247 Pages	2008
Charaka 	678 Pages	2003
Shiva 	90 Pages	2012
An English translation of the Sushruta 	534 Pages	2010
Book. Bhrigu 	304 Pages	2013
Caraka 	270 Pages	2001
Charaka 	678 Pages	2003
Rig Veda 	700 Pages	2007
Sushruta 	450 Pages	2010
Susruta 	822 Pages	2008
Brihat 	492 Pages	2011
ashtavakra 	247 Pages	2008
Charaka 	678 Pages	2003
Shiva 	90 Pages	2012
An English translation of the Sushruta 	534 Pages	2010
Book. Bhrigu 	304 Pages	2013
Caraka 	270 Pages	2001
Charaka 	678 Pages	2003
Rig Veda 	700 Pages	2007
Sushruta 	450 Pages	2010
Susruta 	822 Pages	2008
Brihat 	492 Pages	2011
ashtavakra 	247 Pages	2008
Charaka 	678 Pages	2003
Shiva 	90 Pages	2012
An English translation of the Sushruta 	534 Pages	2010
Book. Bhrigu 	304 Pages	2013
Caraka 	270 Pages	2001
Charaka 	678 Pages	2003
Rig Veda 	700 Pages	2007
Sushruta 	450 Pages	2010
Susruta 	822 Pages	2008
Brihat 	492 Pages	2011
ashtavakra 	247 Pages	2008
Charaka 	678 Pages	2003
Shiva 	90 Pages	2012
An English translation of the Sushruta 	534 Pages	2010
Book. Bhrigu 	304 Pages	2013
Caraka 	270 Pages	2001
Charaka 	678 Pages	2003
Rig Veda 	700 Pages	2007
Sushruta 	450 Pages	2010
Susruta 	822 Pages	2008
Brihat 	492 Pages	2011
ashtavakra 	247 Pages	2008
Charaka 	678 Pages	2003
Shiva 	90 Pages	2012
An English translation of the Sushruta 	534 Pages	2010
Book. Bhrigu 	304 Pages	2013
Caraka 	270 Pages	2001
Charaka 	678 Pages	2003
Rig Veda 	700 Pages	2007
Sushruta 	450 Pages	2010
Susruta 	822 Pages	2008
Brihat 	492 Pages	2011
ashtavakra 	247 Pages	2008
Charaka 	678 Pages	2003
Shiva 	90 Pages	2012
An English translation of the Sushruta 	534 Pages	2010
Book. Bhrigu 	304 Pages	2013
Caraka 	270 Pages	2001
Charaka 	678 Pages	2003
Rig Veda 	700 Pages	2007
Sushruta 	450 Pages	2010
Susruta 	822 Pages	2008
Brihat 	492 Pages	2011
ashtavakra 	247 Pages	2008
Charaka 	678 Pages	2003
Shiva 	90 Pages	2012
An English translation of the Sushruta 	534 Pages	2010
Book. Bhrigu 	304 Pages	2013
Caraka 	270 Pages	2001
Charaka 	678 Pages	2003
Rig Veda 	700 Pages	2007
Sushruta 	450 Pages	2010
Susruta 	822 Pages	2008
Brihat 	492 Pages	2011
ashtavakra 	247 Pages	2008
Charaka 	678 Pages	2003
Shiva 	90 Pages	2012
An English translation of the Sushruta 	534 Pages	2010
Book. Bhrigu 	304 Pages	2013
Caraka 	270 Pages	2001
Charaka 	678 Pages	2003
Rig Veda 	700 Pages	2007
Sushruta 	450 Pages	2010
Susruta 	822 Pages	2008
Brihat 	492 Pages	2011
ashtavakra 	247 Pages	2008
Charaka 	678 Pages	2003
Shiva 	90 Pages	2012
An English translation of the Sushruta 	534 Pages	2010
Book. Bhrigu 	304 Pages	2013
Caraka 	270 Pages	2001
Charaka 	678 Pages	2003
Rig Veda 	700 Pages	2007
Sushruta 	450 Pages	2010
Susruta 	822 Pages	2008
Brihat 	492 Pages	2011
ashtavakra 	247 Pages	2008
Charaka 	678 Pages	2003
Shiva 	90 Pages	2012
An English translation of the Sushruta 	534 Pages	2010
Book. Bhrigu 	304 Pages	2013
Caraka 	270 Pages	2001
Charaka 	678 Pages	2003
Rig Veda 	700 Pages	2007
Sushruta 	450 Pages	2010
Susruta 	822 Pages	2008
Brihat 	492 Pages	2011
ashtavakra 	247 Pages	2008
Charaka 	678 Pages	2003
Shiva 	90 Pages	2012
An English translation of the Sushruta 	534 Pages	2010
Book. Bhrigu 	304 Pages	2013
Caraka 	270 Pages	2001
Charaka 	678 Pages	2003
Rig Veda 	700 Pages	2007
Sushruta 	450 Pages	2010
Susruta 	822 Pages	2008
Brihat 	492 Pages	2011
ashtavakra 	247 Pages	2008
Charaka 	678 Pages	2003
Shiva 	90 Pages	2012
An English translation of the Sushruta 	534 Pages	2010
Book. Bhrigu 	304 Pages	2013
Caraka 	270 Pages	2001
Charaka 	678 Pages	2003
Rig Veda 	700 Pages	2007
Sushruta 	450 Pages	2010
Susruta 	822 Pages	2008
Brihat 	492 Pages	2011
ashtavakra 	247 Pages	2008
Charaka 	678 Pages	2003
Shiva 	90 Pages	2012
An English translation of the Sushruta 	534 Pages	2010
Book. Bhrigu 	304 Pages	2013
Caraka 	270 Pages	2001
Charaka 	678 Pages	2003
Rig Veda 	700 Pages	2007
Sushruta 	450 Pages	2010
Susruta 	822 Pages	2008
Brihat 	492 Pages	2011
ashtavakra 	247 Pages	2008
Charaka 	678 Pages	2003
Shiva 	90 Pages	2012
An English translation of the Sushruta 	534 Pages	2010
Book. Bhrigu 	304 Pages	2013
Caraka 	270 Pages	2001
Charaka 	678 Pages	2003
Rig Veda 	700 Pages	2007
Sushruta 	450 Pages	2010
Susruta 	822 Pages	2008
Brihat 	492 Pages	2011
ashtavakra 	247 Pages	2008
Charaka 	678 Pages	2003
Shiva 	90 Pages	2012
An English translation of the Sushruta 	534 Pages	2010
Book. Bhrigu 	304 Pages	2013
Caraka 	270 Pages	2001
Charaka 	678 Pages	2003
Rig Veda 	700 Pages	2007
Sushruta 	450 Pages	2010
Susruta 	822 Pages	2008
Brihat 	492 Pages	2011
ashtavakra 	247 Pages	2008
Charaka 	678 Pages	2003
Shiva 	90 Pages	2012
An English translation of the Sushruta 	534 Pages	2010
Book. Bhrigu 	304 Pages	2013
Caraka 	270 Pages	2001
Charaka 	678 Pages	2003
Rig Veda 	700 Pages	2007
Sushruta 	450 Pages	2010
Susruta 	822 Pages	2008
Brihat 	492 Pages	2011
ashtavakra 	247 Pages	2008
Charaka 	678 Pages	2003
Shiva 	90 Pages	2012
An English translation of the Sushruta 	534 Pages	2010
Book. Bhrigu 	304 Pages	2013
Caraka 	270 Pages	2001
Charaka 	678 Pages	2003
Rig Veda 	700 Pages	2007
Sushruta 	450 Pages	2010
Susruta 	822 Pages	2008
Brihat 	492 Pages	2011
ashtavakra 	247 Pages	2008
Charaka 	678 Pages	2003
Shiva 	90 Pages	2012
An English translation of the Sushruta 	534 Pages	2010
Book. Bhrigu 	304 Pages	2013
Caraka 	270 Pages	2001
Charaka 	678 Pages	2003
Rig Veda 	700 Pages	2007
Sushruta 	450 Pages	2010
Susruta 	822 Pages	2008
Brihat 	492 Pages	2011
ashtavakra 	247 Pages	2008
Charaka 	678 Pages	2003
Shiva 	90 Pages	2012
An English translation of the Sushruta 	534 Pages	2010
Book. Bhrigu 	304 Pages	2013
Caraka 	270 Pages	2001
Charaka 	678 Pages	2003
Rig Veda 	700 Pages	2007
Sushruta 	450 Pages	2010
Susruta 	822 Pages	2008
Brihat 	492 Pages	2011
ashtavakra 	247 Pages	2008
Charaka 	678 Pages	2003
Shiva 	90 Pages	2012
An English translation of the Sushruta 	534 Pages	2010
Book. Bhrigu 	304 Pages	2013
Caraka 	270 Pages	2001
Charaka 	678 Pages	2003
Rig Veda 	700 Pages	2007
Sushruta 	450 Pages	2010
Susruta 	822 Pages	2008
Brihat 	492 Pages	2011
ashtavakra 	247 Pages	2008
Charaka 	678 Pages	2003
Shiva 	90 Pages	2012
An English translation of the Sushruta 	534 Pages	2010
Book. Bhrigu 	304 Pages	2013
Caraka 	270 Pages	2001
Charaka 	678 Pages	2003
Rig Veda 	700 Pages	2007
Sushruta 	450 Pages	2010
Susruta 	822 Pages	2008
Brihat 	492 Pages	2011
ashtavakra 	247 Pages	2008
Charaka 	678 Pages	2003
Shiva 	90 Pages	2012
An English translation of the Sushruta 	534 Pages	2010
Book. Bhrigu 	304 Pages	2013
Caraka 	270 Pages	2001
Charaka 	678 Pages	2003
Rig Veda 	700 Pages	2007
Sushruta 	450 Pages	2010
Susruta 	822 Pages	2008
Brihat 	492 Pages	2011
ashtavakra 	247 Pages	2008
Charaka 	678 Pages	2003
Shiva 	90 Pages	2012
An English translation of the Sushruta 	534 Pages	2010
Book. Bhrigu 	304 Pages	2013
Caraka 	270 Pages	2001
Charaka 	678 Pages	2003
Rig Veda 	700 Pages	2007
Sushruta 	450 Pages	2010
Susruta 	822 Pages	2008
Brihat 	492 Pages	2011
ashtavakra 	247 Pages	2008
Charaka 	678 Pages	2003
Shiva 	90 Pages	2012
An English translation of the Sushruta 	534 Pages	2010
Book. Bhrigu 	304 Pages	2013
Caraka 	270 Pages	2001
Charaka 	678 Pages	2003
Rig Veda 	700 Pages	2007
Sushruta 	450 Pages	2010
Susruta 	822 Pages	2008
Brihat 	492 Pages	2011
ashtavakra 	247 Pages	2008
Charaka 	678 Pages	2003
Shiva 	90 Pages	2012
An English translation of the Sushruta 	534 Pages	2010
Book. Bhrigu 	304 Pages	2013
Caraka 	270 Pages	2001
Charaka 	678 Pages	2003
Rig Veda 	700 Pages	2007
Sushruta 	450 Pages	2010
Susruta 	822 Pages	2008
Brihat 	492 Pages	2011
ashtavakra 	247 Pages	2008
Charaka 	678 Pages	2003
Shiva 	90 Pages	2012
An English translation of the Sushruta 	534 Pages	2010
Book. Bhrigu 	304 Pages	2013
Caraka 	270 Pages	2001
Charaka 	678 Pages	2003
Rig Veda 	700 Pages	2007
Sushruta 	450 Pages	2010
Susruta 	822 Pages	2008
Brihat 	492 Pages	2011
ashtavakra 	247 Pages	2008
Charaka 	678 Pages	2003
Shiva 	90 Pages	2012
An English translation of the Sushruta 	534 Pages	2010
Book. Bhrigu 	304 Pages	2013
Caraka 	270 Pages	2001
Charaka 	678 Pages	2003
Rig Veda 	700 Pages	2007
Sushruta 	450 Pages	2010
Susruta 	822 Pages	2008
Brihat 	492 Pages	2011
ashtavakra 	247 Pages	2008
Charaka 	678 Pages	2003
Shiva 	90 Pages	2012
An English translation of the Sushruta 	534 Pages	2010
Book. Bhrigu 	304 Pages	2013
Caraka 	270 Pages	2001
Charaka 	678 Pages	2003
Rig Veda 	700 Pages	2007
Sushruta 	450 Pages	2010
Susruta 	822 Pages	2008
Brihat 	492 Pages	2011
ashtavakra 	247 Pages	2008
Charaka 	678 Pages	2003
Shiva 	90 Pages	2012
An English translation of the Sushruta 	534 Pages	2010
Book. Bhrigu 	304 Pages	2013
Caraka 	270 Pages	2001
Charaka 	678 Pages	2003
Rig Veda 	700 Pages	2007
Sushruta 	450 Pages	2010
Susruta 	822 Pages	2008
Brihat 	492 Pages	2011
ashtavakra 	247 Pages	2008
Charaka 	678 Pages	2003
Shiva 	90 Pages	2012
An English translation of the Sushruta 	534 Pages	2010
Book. Bhrigu 	304 Pages	2013
Caraka 	270 Pages	2001
Charaka 	678 Pages	2003
Rig Veda 	700 Pages	2007
Sushruta 	450 Pages	2010
Susruta 	822 Pages	2008
Brihat 	492 Pages	2011
ashtavakra 	247 Pages	2008
Charaka 	678 Pages	2003
Shiva 	90 Pages	2012
An English translation of the Sushruta 	534 Pages	2010
Book. Bhrigu 	304 Pages	2013
Caraka 	270 Pages	2001
Charaka 	678 Pages	2003
Rig Veda 	700 Pages	2007
Sushruta 	450 Pages	2010
Susruta 	822 Pages	2008
Brihat 	492 Pages	2011
ashtavakra 	247 Pages	2008
Charaka 	678 Pages	2003
Shiva 	90 Pages	2012
An English translation of the Sushruta 	534 Pages	2010
Book. Bhrigu 	304 Pages	2013
Caraka 	270 Pages	2001
Charaka 	678 Pages	2003
Rig Veda 	700 Pages	2007
Sushruta 	450 Pages	2010
Susruta 	822 Pages	2008
Brihat 	492 Pages	2011
ashtavakra 	247 Pages	2008
Charaka 	678 Pages	2003
Shiva 	90 Pages	2012
An English translation of the Sushruta 	534 Pages	2010
Book. Bhrigu 	304 Pages	2013
Caraka 	270 Pages	2001
Charaka 	678 Pages	2003
Rig Veda 	700 Pages	2007
Sushruta 	450 Pages	2010
Susruta 	822 Pages	2008
Brihat 	492 Pages	2011
ashtavakra 	247 Pages	2008
Charaka 	678 Pages	2003
Shiva 	90 Pages	2012
An English translation of the Sushruta 	534 Pages	2010
Book. Bhrigu 	304 Pages	2013
Caraka 	270 Pages	2001
Charaka 	678 Pages	2003
Rig Veda 	700 Pages	2007
Sushruta 	450 Pages	2010
Susruta 	822 Pages	2008
Brihat 	492 Pages	2011
ashtavakra 	247 Pages	2008
Charaka 	678 Pages	2003
Shiva 	90 Pages	2012
An English translation of the Sushruta 	534 Pages	2010
Book. Bhrigu 	304 Pages	2013
Caraka 	270 Pages	2001
Charaka 	678 Pages	2003
Rig Veda 	700 Pages	2007
Sushruta 	450 Pages	2010
Susruta 	822 Pages	2008
Brihat 	492 Pages	2011
ashtavakra 	247 Pages	2008
Charaka 	678 Pages	2003
Shiva 	90 Pages	2012
An English translation of the Sushruta 	534 Pages	2010
Book. Bhrigu 	304 Pages	2013
Caraka 	270 Pages	2001
Charaka 	678 Pages	2003
Rig Veda 	700 Pages	2007
Sushruta 	450 Pages	2010
Susruta 	822 Pages	2008
Brihat 	492 Pages	2011
ashtavakra 	247 Pages	2008
Charaka 	678 Pages	2003
Shiva 	90 Pages	2012
An English translation of the Sushruta 	534 Pages	2010
Book. Bhrigu 	304 Pages	2013
Caraka 	270 Pages	2001
Charaka 	678 Pages	2003
Rig Veda 	700 Pages	2007
Sushruta 	450 Pages	2010
Susruta 	822 Pages	2008
Brihat 	492 Pages	2011
ashtavakra 	247 Pages	2008
Charaka 	678 Pages	2003
Shiva 	90 Pages	2012
An English translation of the Sushruta 	534 Pages	2010
Book. Bhrigu 	304 Pages	2013
Caraka 	270 Pages	2001
Charaka 	678 Pages	2003
Rig Veda 	700 Pages	2007
Sushruta 	450 Pages	2010
Susruta 	822 Pages	2008
Brihat 	492 Pages	2011
ashtavakra 	247 Pages	2008
Charaka 	678 Pages	2003
Shiva 	90 Pages	2012
An English translation of the Sushruta 	534 Pages	2010
Book. Bhrigu 	304 Pages	2013
Caraka 	270 Pages	2001
Charaka 	678 Pages	2003
Rig Veda 	700 Pages	2007
Sushruta 	450 Pages	2010
Susruta 	822 Pages	2008
Brihat 	492 Pages	2011
ashtavakra 	247 Pages	2008
Charaka 	678 Pages	2003
Shiva 	90 Pages	2012
An English translation of the Sushruta 	534 Pages	2010
Book. Bhrigu 	304 Pages	2013
Caraka 	270 Pages	2001
Charaka 	678 Pages	2003
Rig Veda 	700 Pages	2007
Sushruta 	450 Pages	2010
Susruta 	822 Pages	2008
Brihat 	492 Pages	2011
ashtavakra 	247 Pages	2008
Charaka 	678 Pages	2003
Shiva 	90 Pages	2012
An English translation of the Sushruta 	534 Pages	2010
Book. Bhrigu 	304 Pages	2013
Caraka 	270 Pages	2001
Charaka 	678 Pages	2003
Rig Veda 	700 Pages	2007
Sushruta 	450 Pages	2010
Susruta 	822 Pages	2008
Brihat 	492 Pages	2011
ashtavakra 	247 Pages	2008
Charaka 	678 Pages	2003
Shiva 	90 Pages	2012
An English translation of the Sushruta 	534 Pages	2010
Book. Bhrigu 	304 Pages	2013
Caraka 	270 Pages	2001
Charaka 	678 Pages	2003
Rig Veda 	700 Pages	2007
Sushruta 	450 Pages	2010
Susruta 	822 Pages	2008
Brihat 	492 Pages	2011
ashtavakra 	247 Pages	2008
Charaka 	678 Pages	2003
Shiva 	90 Pages	2012
An English translation of the Sushruta 	534 Pages	2010
Book. Bhrigu 	304 Pages	2013
Caraka 	270 Pages	2001
Charaka 	678 Pages	2003
Rig Veda 	700 Pages	2007
Sushruta 	450 Pages	2010
Susruta 	822 Pages	2008
Brihat 	492 Pages	2011
ashtavakra 	247 Pages	2008
Charaka 	678 Pages	2003
Shiva 	90 Pages	2012
An English translation of the Sushruta 	534 Pages	2010
Book. Bhrigu 	304 Pages	2013
Caraka 	270 Pages	2001
Charaka 	678 Pages	2003
Rig Veda 	700 Pages	2007
Sushruta 	450 Pages	2010
Susruta 	822 Pages	2008
Brihat 	492 Pages	2011
ashtavakra 	247 Pages	2008
Charaka 	678 Pages	2003
Shiva 	90 Pages	2012
An English translation of the Sushruta 	534 Pages	2010
Book. Bhrigu 	304 Pages	2013
Caraka 	270 Pages	2001
Charaka 	678 Pages	2003
Rig Veda 	700 Pages	2007
Sushruta 	450 Pages	2010
Susruta 	822 Pages	2008
Brihat 	492 Pages	2011
ashtavakra 	247 Pages	2008
Charaka 	678 Pages	2003
Shiva 	90 Pages	2012
An English translation of the Sushruta 	534 Pages	2010
Book. Bhrigu 	304 Pages	2013
Caraka 	270 Pages	2001
Charaka 	678 Pages	2003
Rig Veda 	700 Pages	2007
Sushruta 	450 Pages	2010
Susruta 	822 Pages	2008
Brihat 	492 Pages	2011
ashtavakra 	247 Pages	2008
Charaka 	678 Pages	2003
Shiva 	90 Pages	2012
An English translation of the Sushruta 	534 Pages	2010
Book. Bhrigu 	304 Pages	2013
Caraka 	270 Pages	2001
Charaka 	678 Pages	2003
Rig Veda 	700 Pages	2007
Sushruta 	450 Pages	2010
Susruta 	822 Pages	2008
Brihat 	492 Pages	2011
ashtavakra 	247 Pages	2008
Charaka 	678 Pages	2003
Shiva 	90 Pages	2012
An English translation of the Sushruta 	534 Pages	2010
Book. Bhrigu 	304 Pages	2013
Caraka 	270 Pages	2001
Charaka 	678 Pages	2003
Rig Veda 	700 Pages	2007
Sushruta 	450 Pages	2010
Susruta 	822 Pages	2008
Brihat 	492 Pages	2011
ashtavakra 	247 Pages	2008
Charaka 	678 Pages	2003
Shiva 	90 Pages	2012
An English translation of the Sushruta 	534 Pages	2010
Book. Bhrigu 	304 Pages	2013
Caraka 	270 Pages	2001
Charaka 	678 Pages	2003
Rig Veda 	700 Pages	2007
Sushruta 	450 Pages	2010
Susruta 	822 Pages	2008
Brihat 	492 Pages	2011
ashtavakra 	247 Pages	2008
Charaka 	678 Pages	2003
Shiva 	90 Pages	2012
An English translation of the Sushruta 	534 Pages	2010
Book. Bhrigu 	304 Pages	2013
Caraka 	270 Pages	2001
Charaka 	678 Pages	2003
Rig Veda 	700 Pages	2007
Sushruta 	450 Pages	2010
Susruta 	822 Pages	2008
Brihat 	492 Pages	2011
ashtavakra 	247 Pages	2008
Charaka 	678 Pages	2003
Shiva 	90 Pages	2012
An English translation of the Sushruta 	534 Pages	2010
Book. Bhrigu 	304 Pages	2013
Caraka 	270 Pages	2001
Charaka 	678 Pages	2003
Rig Veda 	700 Pages	2007
Sushruta 	450 Pages	2010
Susruta 	822 Pages	2008
Brihat 	492 Pages	2011
ashtavakra 	247 Pages	2008
Charaka 	678 Pages	2003
Shiva 	90 Pages	2012
An English translation of the Sushruta 	534 Pages	2010
Book. Bhrigu 	304 Pages	2013
Caraka 	270 Pages	2001
Charaka 	678 Pages	2003
Rig Veda 	700 Pages	2007
Sushruta 	450 Pages	2010
Susruta 	822 Pages	2008
Brihat 	492 Pages	2011
ashtavakra 	247 Pages	2008
Charaka 	678 Pages	2003
Shiva 	90 Pages	2012
An English translation of the Sushruta 	534 Pages	2010
Book. Bhrigu 	304 Pages	2013
Caraka 	270 Pages	2001
Charaka 	678 Pages	2003
Rig Veda 	700 Pages	2007
Sushruta 	450 Pages	2010
Susruta 	822 Pages	2008
Brihat 	492 Pages	2011
ashtavakra 	247 Pages	2008
Charaka 	678 Pages	2003
Shiva 	90 Pages	2012
An English translation of the Sushruta 	534 Pages	2010
Book. Bhrigu 	304 Pages	2013
Caraka 	270 Pages	2001
Charaka 	678 Pages	2003
Rig Veda 	700 Pages	2007
Sushruta 	450 Pages	2010
Susruta 	822 Pages	2008
Brihat 	492 Pages	2011
ashtavakra 	247 Pages	2008
Charaka 	678 Pages	2003
Shiva 	90 Pages	2012
An English translation of the Sushruta 	534 Pages	2010
Book. Bhrigu 	304 Pages	2013
Caraka 	270 Pages	2001
Charaka 	678 Pages	2003
Rig Veda 	700 Pages	2007
Sushruta 	450 Pages	2010
Susruta 	822 Pages	2008
Brihat 	492 Pages	2011
ashtavakra 	247 Pages	2008
Charaka 	678 Pages	2003
Shiva 	90 Pages	2012
An English translation of the Sushruta 	534 Pages	2010
Book. Bhrigu 	304 Pages	2013
Caraka 	270 Pages	2001
Charaka 	678 Pages	2003
Rig Veda 	700 Pages	2007
Sushruta 	450 Pages	2010
Susruta 	822 Pages	2008
Brihat 	492 Pages	2011
ashtavakra 	247 Pages	2008
Charaka 	678 Pages	2003
Shiva 	90 Pages	2012
An English translation of the Sushruta 	534 Pages	2010
Book. Bhrigu 	304 Pages	2013
Caraka 	270 Pages	2001
Charaka 	678 Pages	2003
Rig Veda 	700 Pages	2007
Sushruta 	450 Pages	2010
Susruta 	822 Pages	2008
Brihat 	492 Pages	2011
ashtavakra 	247 Pages	2008
Charaka 	678 Pages	2003
Shiva 	90 Pages	2012
An English translation of the Sushruta 	534 Pages	2010
Book. Bhrigu 	304 Pages	2013
Caraka 	270 Pages	2001
Charaka 	678 Pages	2003
Rig Veda 	700 Pages	2007
Sushruta 	450 Pages	2010
Susruta 	822 Pages	2008
Brihat 	492 Pages	2011
ashtavakra 	247 Pages	2008
Charaka 	678 Pages	2003
Shiva 	90 Pages	2012
An English translation of the Sushruta 	534 Pages	2010
Book. Bhrigu 	304 Pages	2013
Caraka 	270 Pages	2001
Charaka 	678 Pages	2003
Rig Veda 	700 Pages	2007
Sushruta 	450 Pages	2010
Susruta 	822 Pages	2008
Brihat 	492 Pages	2011
ashtavakra 	247 Pages	2008
Charaka 	678 Pages	2003
Shiva 	90 Pages	2012
An English translation of the Sushruta 	534 Pages	2010
Book. Bhrigu 	304 Pages	2013
Caraka 	270 Pages	2001
Charaka 	678 Pages	2003
Rig Veda 	700 Pages	2007
Sushruta 	450 Pages	2010
Susruta 	822 Pages	2008
Brihat 	492 Pages	2011
ashtavakra 	247 Pages	2008
Charaka 	678 Pages	2003
Shiva 	90 Pages	2012
An English translation of the Sushruta 	534 Pages	2010
Book. Bhrigu 	304 Pages	2013
Caraka 	270 Pages	2001
Charaka 	678 Pages	2003
Rig Veda 	700 Pages	2007
Sushruta 	450 Pages	2010
Susruta 	822 Pages	2008
Brihat 	492 Pages	2011
ashtavakra 	247 Pages	2008
Charaka 	678 Pages	2003
Shiva 	90 Pages	2012
An English translation of the Sushruta 	534 Pages	2010
Book. Bhrigu 	304 Pages	2013
Caraka 	270 Pages	2001
Charaka 	678 Pages	2003
Rig Veda 	700 Pages	2007
Sushruta 	450 Pages	2010
Susruta 	822 Pages	2008
Brihat 	492 Pages	2011
ashtavakra 	247 Pages	2008
Charaka 	678 Pages	2003
Shiva 	90 Pages	2012
An English translation of the Sushruta 	534 Pages	2010
Book. Bhrigu 	304 Pages	2013
Caraka 	270 Pages	2001
Charaka 	678 Pages	2003
Rig Veda 	700 Pages	2007
Sushruta 	450 Pages	2010
Susruta 	822 Pages	2008
Brihat 	492 Pages	2011
ashtavakra 	247 Pages	2008
Charaka 	678 Pages	2003
Shiva 	90 Pages	2012
An English translation of the Sushruta 	534 Pages	2010
Book. Bhrigu 	304 Pages	2013
Caraka 	270 Pages	2001
Charaka 	678 Pages	2003
Rig Veda 	700 Pages	2007
Sushruta 	450 Pages	2010
Susruta 	822 Pages	2008
Brihat 	492 Pages	2011
ashtavakra 	247 Pages	2008
Charaka 	678 Pages	2003
Shiva 	90 Pages	2012
An English translation of the Sushruta 	534 Pages	2010
Book. Bhrigu 	304 Pages	2013
Caraka 	270 Pages	2001
Charaka 	678 Pages	2003
Rig Veda 	700 Pages	2007
Sushruta 	450 Pages	2010
Susruta 	822 Pages	2008
Brihat 	492 Pages	2011
ashtavakra 	247 Pages	2008
Charaka 	678 Pages	2003
Shiva 	90 Pages	2012
An English translation of the Sushruta 	534 Pages	2010
Book. Bhrigu 	304 Pages	2013
Caraka 	270 Pages	2001
Charaka 	678 Pages	2003
Rig Veda 	700 Pages	2007
Sushruta 	450 Pages	2010
Susruta 	822 Pages	2008
Brihat 	492 Pages	2011
ashtavakra 	247 Pages	2008
Charaka 	678 Pages	2003
Shiva 	90 Pages	2012
An English translation of the Sushruta 	534 Pages	2010
Book. Bhrigu 	304 Pages	2013
Caraka 	270 Pages	2001
Charaka 	678 Pages	2003
Rig Veda 	700 Pages	2007
Sushruta 	450 Pages	2010
Susruta 	822 Pages	2008
Brihat 	492 Pages	2011
ashtavakra 	247 Pages	2008
Charaka 	678 Pages	2003
Shiva 	90 Pages	2012
An English translation of the Sushruta 	534 Pages	2010
Book. Bhrigu 	304 Pages	2013
Caraka 	270 Pages	2001
Charaka 	678 Pages	2003
Rig Veda 	700 Pages	2007
Sushruta 	450 Pages	2010
Susruta 	822 Pages	2008
Brihat 	492 Pages	2011
ashtavakra 	247 Pages	2008
Charaka 	678 Pages	2003
Shiva 	90 Pages	2012
An English translation of the Sushruta 	534 Pages	2010
Book. Bhrigu 	304 Pages	2013
Caraka 	270 Pages	2001
Charaka 	678 Pages	2003
Rig Veda 	700 Pages	2007
Sushruta 	450 Pages	2010
Susruta 	822 Pages	2008
Brihat 	492 Pages	2011
ashtavakra 	247 Pages	2008
Charaka 	678 Pages	2003
Shiva 	90 Pages	2012
An English translation of the Sushruta 	534 Pages	2010
Book. Bhrigu 	304 Pages	2013
Caraka 	270 Pages	2001
Charaka 	678 Pages	2003
Rig Veda 	700 Pages	2007
Sushruta 	450 Pages	2010
Susruta 	822 Pages	2008
Brihat 	492 Pages	2011
ashtavakra 	247 Pages	2008
Charaka 	678 Pages	2003
Shiva 	90 Pages	2012
An English translation of the Sushruta 	534 Pages	2010
Book. Bhrigu 	304 Pages	2013
Caraka 	270 Pages	2001
Charaka 	678 Pages	2003
Rig Veda 	700 Pages	2007
Sushruta 	450 Pages	2010
Susruta 	822 Pages	2008
Brihat 	492 Pages	2011
ashtavakra 	247 Pages	2008
Charaka 	678 Pages	2003
Shiva 	90 Pages	2012
An English translation of the Sushruta 	534 Pages	2010
Book. Bhrigu 	304 Pages	2013
Caraka 	270 Pages	2001
Charaka 	678 Pages	2003
Rig Veda 	700 Pages	2007
Sushruta 	450 Pages	2010
Susruta 	822 Pages	2008
Brihat 	492 Pages	2011
ashtavakra 	247 Pages	2008
Charaka 	678 Pages	2003
Shiva 	90 Pages	2012
An English translation of the Sushruta 	534 Pages	2010
Book. Bhrigu 	304 Pages	2013
Caraka 	270 Pages	2001
Charaka 	678 Pages	2003
Rig Veda 	700 Pages	2007
Sushruta 	450 Pages	2010
Susruta 	822 Pages	2008
Brihat 	492 Pages	2011
ashtavakra 	247 Pages	2008
Charaka 	678 Pages	2003
Shiva 	90 Pages	2012
An English translation of the Sushruta 	534 Pages	2010
Book. Bhrigu 	304 Pages	2013
Caraka 	270 Pages	2001
Charaka 	678 Pages	2003
Rig Veda 	700 Pages	2007
Sushruta 	450 Pages	2010
Susruta 	822 Pages	2008
Brihat 	492 Pages	2011
ashtavakra 	247 Pages	2008
Charaka 	678 Pages	2003
Shiva 	90 Pages	2012
An English translation of the Sushruta 	534 Pages	2010
Book. Bhrigu 	304 Pages	2013
Caraka 	270 Pages	2001
Charaka 	678 Pages	2003
Rig Veda 	700 Pages	2007
Sushruta 	450 Pages	2010
Susruta 	822 Pages	2008
Brihat 	492 Pages	2011
ashtavakra 	247 Pages	2008
Charaka 	678 Pages	2003
Shiva 	90 Pages	2012
An English translation of the Sushruta 	534 Pages	2010
Book. Bhrigu 	304 Pages	2013
Caraka 	270 Pages	2001
Charaka 	678 Pages	2003
Rig Veda 	700 Pages	2007
Sushruta 	450 Pages	2010
Susruta 	822 Pages	2008
Brihat 	492 Pages	2011
ashtavakra 	247 Pages	2008
Charaka 	678 Pages	2003
Shiva 	90 Pages	2012
An English translation of the Sushruta 	534 Pages	2010
Book. Bhrigu 	304 Pages	2013
Caraka 	270 Pages	2001
Charaka 	678 Pages	2003
Rig Veda 	700 Pages	2007
Sushruta 	450 Pages	2010
Susruta 	822 Pages	2008
Brihat 	492 Pages	2011
ashtavakra 	247 Pages	2008
Charaka 	678 Pages	2003
Shiva 	90 Pages	2012
An English translation of the Sushruta 	534 Pages	2010
Book. Bhrigu 	304 Pages	2013
Caraka 	270 Pages	2001
Charaka 	678 Pages	2003
Rig Veda 	700 Pages	2007
Sushruta 	450 Pages	2010
Susruta 	822 Pages	2008
Brihat 	492 Pages	2011
ashtavakra 	247 Pages	2008
Charaka 	678 Pages	2003
Shiva 	90 Pages	2012
An English translation of the Sushruta 	534 Pages	2010
Book. Bhrigu 	304 Pages	2013
Caraka 	270 Pages	2001
Charaka 	678 Pages	2003
Rig Veda 	700 Pages	2007
Sushruta 	450 Pages	2010
Susruta 	822 Pages	2008
Brihat 	492 Pages	2011
ashtavakra 	247 Pages	2008
Charaka 	678 Pages	2003
Shiva 	90 Pages	2012
An English translation of the Sushruta 	534 Pages	2010
Book. Bhrigu 	304 Pages	2013
Caraka 	270 Pages	2001
Charaka 	678 Pages	2003
Rig Veda 	700 Pages	2007
Sushruta 	450 Pages	2010
Susruta 	822 Pages	2008
Brihat 	492 Pages	2011
ashtavakra 	247 Pages	2008
Charaka 	678 Pages	2003
Shiva 	90 Pages	2012
An English translation of the Sushruta 	534 Pages	2010
Book. Bhrigu 	304 Pages	2013
Caraka 	270 Pages	2001
Charaka 	678 Pages	2003
Rig Veda 	700 Pages	2007
Sushruta 	450 Pages	2010
Susruta 	822 Pages	2008
Brihat 	492 Pages	2011
ashtavakra 	247 Pages	2008
Charaka 	678 Pages	2003
Shiva 	90 Pages	2012
An English translation of the Sushruta 	534 Pages	2010
Book. Bhrigu 	304 Pages	2013
Caraka 	270 Pages	2001
Charaka 	678 Pages	2003
Rig Veda 	700 Pages	2007
Sushruta 	450 Pages	2010
Susruta 	822 Pages	2008
Brihat 	492 Pages	2011
ashtavakra 	247 Pages	2008
Charaka 	678 Pages	2003
Shiva 	90 Pages	2012
An English translation of the Sushruta 	534 Pages	2010
Book. Bhrigu 	304 Pages	2013
Caraka 	270 Pages	2001
Charaka 	678 Pages	2003
Rig Veda 	700 Pages	2007
Sushruta 	450 Pages	2010
Susruta 	822 Pages	2008
Brihat 	492 Pages	2011
ashtavakra 	247 Pages	2008
Charaka 	678 Pages	2003
Shiva 	90 Pages	2012
An English translation of the Sushruta 	534 Pages	2010
Book. Bhrigu 	304 Pages	2013
Caraka 	270 Pages	2001
Charaka 	678 Pages	2003
Rig Veda 	700 Pages	2007
Sushruta 	450 Pages	2010
Susruta 	822 Pages	2008
Brihat 	492 Pages	2011
ashtavakra 	247 Pages	2008
Charaka 	678 Pages	2003
Shiva 	90 Pages	2012
An English translation of the Sushruta 	534 Pages	2010
Book. Bhrigu 	304 Pages	2013
Caraka 	270 Pages	2001
Charaka 	678 Pages	2003
Rig Veda 	700 Pages	2007
Sushruta 	450 Pages	2010
Susruta 	822 Pages	2008
Brihat 	492 Pages	2011
ashtavakra 	247 Pages	2008
Charaka 	678 Pages	2003
Shiva 	90 Pages	2012
An English translation of the Sushruta 	534 Pages	2010
Book. Bhrigu 	304 Pages	2013
Caraka 	270 Pages	2001
Charaka 	678 Pages	2003
Rig Veda 	700 Pages	2007
Sushruta 	450 Pages	2010
Susruta 	822 Pages	2008
Brihat 	492 Pages	2011
ashtavakra 	247 Pages	2008
Charaka 	678 Pages	2003
Shiva 	90 Pages	2012
An English translation of the Sushruta 	534 Pages	2010
Book. Bhrigu 	304 Pages	2013
Caraka 	270 Pages	2001
Charaka 	678 Pages	2003
Rig Veda 	700 Pages	2007
Sushruta 	450 Pages	2010
Susruta 	822 Pages	2008
Brihat 	492 Pages	2011
ashtavakra 	247 Pages	2008
Charaka 	678 Pages	2003
Shiva 	90 Pages	2012
An English translation of the Sushruta 	534 Pages	2010
Book. Bhrigu 	304 Pages	2013
Caraka 	270 Pages	2001
Charaka 	678 Pages	2003
Rig Veda 	700 Pages	2007
Sushruta 	450 Pages	2010
Susruta 	822 Pages	2008
Brihat 	492 Pages	2011
ashtavakra 	247 Pages	2008
Charaka 	678 Pages	2003
Shiva 	90 Pages	2012
An English translation of the Sushruta 	534 Pages	2010
Book. Bhrigu 	304 Pages	2013
Caraka 	270 Pages	2001
Charaka 	678 Pages	2003
Rig Veda 	700 Pages	2007
Sushruta 	450 Pages	2010
Susruta 	822 Pages	2008
Brihat 	492 Pages	2011
ashtavakra 	247 Pages	2008
Charaka 	678 Pages	2003
Shiva 	90 Pages	2012
An English translation of the Sushruta 	534 Pages	2010
Book. Bhrigu 	304 Pages	2013
Caraka 	270 Pages	2001
Charaka 	678 Pages	2003
Rig Veda 	700 Pages	2007
Sushruta 	450 Pages	2010
Susruta 	822 Pages	2008
Brihat 	492 Pages	2011
ashtavakra 	247 Pages	2008
Charaka 	678 Pages	2003
Shiva 	90 Pages	2012
An English translation of the Sushruta 	534 Pages	2010
Book. Bhrigu 	304 Pages	2013
Caraka 	270 Pages	2001
Charaka 	678 Pages	2003
Rig Veda 	700 Pages	2007
Sushruta 	450 Pages	2010
Susruta 	822 Pages	2008
Brihat 	492 Pages	2011
ashtavakra 	247 Pages	2008
Charaka 	678 Pages	2003
Shiva 	90 Pages	2012
An English translation of the Sushruta 	534 Pages	2010
Book. Bhrigu 	304 Pages	2013
Caraka 	270 Pages	2001
Charaka 	678 Pages	2003
Rig Veda 	700 Pages	2007
Sushruta 	450 Pages	2010
Susruta 	822 Pages	2008
Brihat 	492 Pages	2011
ashtavakra 	247 Pages	2008
Charaka 	678 Pages	2003
Shiva 	90 Pages	2012
An English translation of the Sushruta 	534 Pages	2010
Book. Bhrigu 	304 Pages	2013
Caraka 	270 Pages	2001
Charaka 	678 Pages	2003
Rig Veda 	700 Pages	2007
Sushruta 	450 Pages	2010
Susruta 	822 Pages	2008
Brihat 	492 Pages	2011
ashtavakra 	247 Pages	2008
Charaka 	678 Pages	2003
Shiva 	90 Pages	2012
An English translation of the Sushruta 	534 Pages	2010
Book. Bhrigu 	304 Pages	2013
Caraka 	270 Pages	2001
Charaka 	678 Pages	2003
Rig Veda 	700 Pages	2007
Sushruta 	450 Pages	2010
Susruta 	822 Pages	2008
Brihat 	492 Pages	2011
ashtavakra 	247 Pages	2008
Charaka 	678 Pages	2003
Shiva 	90 Pages	2012
An English translation of the Sushruta 	534 Pages	2010
Book. Bhrigu 	304 Pages	2013
Caraka 	270 Pages	2001
Charaka 	678 Pages	2003
Rig Veda 	700 Pages	2007
Sushruta 	450 Pages	2010
Susruta 	822 Pages	2008
Brihat 	492 Pages	2011
ashtavakra 	247 Pages	2008
Charaka 	678 Pages	2003
Shiva 	90 Pages	2012
An English translation of the Sushruta 	534 Pages	2010
Book. Bhrigu 	304 Pages	2013
Caraka 	270 Pages	2001
Charaka 	678 Pages	2003
Rig Veda 	700 Pages	2007
Sushruta 	450 Pages	2010
Susruta 	822 Pages	2008
Brihat 	492 Pages	2011
ashtavakra 	247 Pages	2008
Charaka 	678 Pages	2003
Shiva 	90 Pages	2012
An English translation of the Sushruta 	534 Pages	2010
Book. Bhrigu 	304 Pages	2013
Caraka 	270 Pages	2001
Charaka 	678 Pages	2003
Rig Veda 	700 Pages	2007
Sushruta 	450 Pages	2010
Susruta 	822 Pages	2008
Brihat 	492 Pages	2011
ashtavakra 	247 Pages	2008
Charaka 	678 Pages	2003
Shiva 	90 Pages	2012
An English translation of the Sushruta 	534 Pages	2010
Book. Bhrigu 	304 Pages	2013
Caraka 	270 Pages	2001
Charaka 	678 Pages	2003
Rig Veda 	700 Pages	2007
Sushruta 	450 Pages	2010
Susruta 	822 Pages	2008
Brihat 	492 Pages	2011
ashtavakra 	247 Pages	2008
Charaka 	678 Pages	2003
Shiva 	90 Pages	2012
An English translation of the Sushruta 	534 Pages	2010
Book. Bhrigu 	304 Pages	2013
Caraka 	270 Pages	2001
Charaka 	678 Pages	2003
Rig Veda 	700 Pages	2007
Sushruta 	450 Pages	2010
Susruta 	822 Pages	2008
Brihat 	492 Pages	2011
ashtavakra 	247 Pages	2008
Charaka 	678 Pages	2003
Shiva 	90 Pages	2012
An English translation of the Sushruta 	534 Pages	2010
Book. Bhrigu 	304 Pages	2013
Caraka 	270 Pages	2001
Charaka 	678 Pages	2003
Rig Veda 	700 Pages	2007
Sushruta 	450 Pages	2010
Susruta 	822 Pages	2008
Brihat 	492 Pages	2011
ashtavakra 	247 Pages	2008
Charaka 	678 Pages	2003
Shiva 	90 Pages	2012
An English translation of the Sushruta 	534 Pages	2010
Book. Bhrigu 	304 Pages	2013
Caraka 	270 Pages	2001
Charaka 	678 Pages	2003
Rig Veda 	700 Pages	2007
Sushruta 	450 Pages	2010
Susruta 	822 Pages	2008
Brihat 	492 Pages	2011
ashtavakra 	247 Pages	2008
Charaka 	678 Pages	2003
Shiva 	90 Pages	2012
An English translation of the Sushruta 	534 Pages	2010
Book. Bhrigu 	304 Pages	2013
Caraka 	270 Pages	2001
Charaka 	678 Pages	2003
Rig Veda 	700 Pages	2007
Sushruta 	450 Pages	2010
Susruta 	822 Pages	2008
Brihat 	492 Pages	2011
ashtavakra 	247 Pages	2008
Charaka 	678 Pages	2003
Shiva 	90 Pages	2012
An English translation of the Sushruta 	534 Pages	2010
Book. Bhrigu 	304 Pages	2013
Caraka 	270 Pages	2001
Charaka 	678 Pages	2003
Rig Veda 	700 Pages	2007
Sushruta 	450 Pages	2010
Susruta 	822 Pages	2008
Brihat 	492 Pages	2011
ashtavakra 	247 Pages	2008
Charaka 	678 Pages	2003
Shiva 	90 Pages	2012
An English translation of the Sushruta 	534 Pages	2010
Book. Bhrigu 	304 Pages	2013
Caraka 	270 Pages	2001
Charaka 	678 Pages	2003
Rig Veda 	700 Pages	2007
Sushruta 	450 Pages	2010
Susruta 	822 Pages	2008
Brihat 	492 Pages	2011
ashtavakra 	247 Pages	2008
Charaka 	678 Pages	2003
Shiva 	90 Pages	2012
An English translation of the Sushruta 	534 Pages	2010
Book. Bhrigu 	304 Pages	2013
Caraka 	270 Pages	2001
Charaka 	678 Pages	2003
Rig Veda 	700 Pages	2007
Sushruta 	450 Pages	2010
Susruta 	822 Pages	2008
Brihat 	492 Pages	2011
ashtavakra 	247 Pages	2008
Charaka 	678 Pages	2003
Shiva 	90 Pages	2012
An English translation of the Sushruta 	534 Pages	2010
Book. Bhrigu 	304 Pages	2013
Caraka 	270 Pages	2001
Charaka 	678 Pages	2003
Rig Veda 	700 Pages	2007
Sushruta 	450 Pages	2010
Susruta 	822 Pages	2008
Brihat 	492 Pages	2011
ashtavakra 	247 Pages	2008
Charaka 	678 Pages	2003
Shiva 	90 Pages	2012
An English translation of the Sushruta 	534 Pages	2010
Book. Bhrigu 	304 Pages	2013
Caraka 	270 Pages	2001
Charaka 	678 Pages	2003
Rig Veda 	700 Pages	2007
Sushruta 	450 Pages	2010
Susruta 	822 Pages	2008
Brihat 	492 Pages	2011
ashtavakra 	247 Pages	2008
Charaka 	678 Pages	2003
Shiva 	90 Pages	2012
An English translation of the Sushruta 	534 Pages	2010
Book. Bhrigu 	304 Pages	2013
Caraka 	270 Pages	2001
Charaka 	678 Pages	2003
Rig Veda 	700 Pages	2007
Sushruta 	450 Pages	2010
Susruta 	822 Pages	2008
Brihat 	492 Pages	2011
ashtavakra 	247 Pages	2008
Charaka 	678 Pages	2003
Shiva 	90 Pages	2012
An English translation of the Sushruta 	534 Pages	2010
Book. Bhrigu 	304 Pages	2013
Caraka 	270 Pages	2001
Charaka 	678 Pages	2003
Rig Veda 	700 Pages	2007
Sushruta 	450 Pages	2010
Susruta 	822 Pages	2008
Brihat 	492 Pages	2011
ashtavakra 	247 Pages	2008
Charaka 	678 Pages	2003
Shiva 	90 Pages	2012
An English translation of the Sushruta 	534 Pages	2010
Book. Bhrigu 	304 Pages	2013
Caraka 	270 Pages	2001
Charaka 	678 Pages	2003
Rig Veda 	700 Pages	2007
Sushruta 	450 Pages	2010
Susruta 	822 Pages	2008
Brihat 	492 Pages	2011
ashtavakra 	247 Pages	2008
Charaka 	678 Pages	2003
Shiva 	90 Pages	2012
An English translation of the Sushruta 	534 Pages	2010
Book. Bhrigu 	304 Pages	2013
Caraka 	270 Pages	2001
Charaka 	678 Pages	2003
Rig Veda 	700 Pages	2007
Sushruta 	450 Pages	2010
Susruta 	822 Pages	2008
Brihat 	492 Pages	2011
ashtavakra 	247 Pages	2008
Charaka 	678 Pages	2003
Shiva 	90 Pages	2012
An English translation of the Sushruta 	534 Pages	2010
Book. Bhrigu 	304 Pages	2013
Caraka 	270 Pages	2001
Charaka 	678 Pages	2003
Rig Veda 	700 Pages	2007
Sushruta 	450 Pages	2010
Susruta 	822 Pages	2008
Brihat 	492 Pages	2011
ashtavakra 	247 Pages	2008
Charaka 	678 Pages	2003
Shiva 	90 Pages	2012
An English translation of the Sushruta 	534 Pages	2010
Book. Bhrigu 	304 Pages	2013
Caraka 	270 Pages	2001
Charaka 	678 Pages	2003
Rig Veda 	700 Pages	2007
Sushruta 	450 Pages	2010
Susruta 	822 Pages	2008
Brihat 	492 Pages	2011
ashtavakra 	247 Pages	2008
Charaka 	678 Pages	2003
Shiva 	90 Pages	2012
An English translation of the Sushruta 	534 Pages	2010
Book. Bhrigu 	304 Pages	2013
Caraka 	270 Pages	2001
Charaka 	678 Pages	2003
Rig Veda 	700 Pages	2007
Sushruta 	450 Pages	2010
Susruta 	822 Pages	2008
Brihat 	492 Pages	2011
ashtavakra 	247 Pages	2008
Charaka 	678 Pages	2003
Shiva 	90 Pages	2012
An English translation of the Sushruta 	534 Pages	2010
Book. Bhrigu 	304 Pages	2013
Caraka 	270 Pages	2001
Charaka 	678 Pages	2003
Rig Veda 	700 Pages	2007
Sushruta 	450 Pages	2010
Susruta 	822 Pages	2008
Brihat 	492 Pages	2011
ashtavakra 	247 Pages	2008
Charaka 	678 Pages	2003
Shiva 	90 Pages	2012
An English translation of the Sushruta 	534 Pages	2010
Book. Bhrigu 	304 Pages	2013
Caraka 	270 Pages	2001
Charaka 	678 Pages	2003
Rig Veda 	700 Pages	2007
Sushruta 	450 Pages	2010
Susruta 	822 Pages	2008
Brihat 	492 Pages	2011
ashtavakra 	247 Pages	2008
Charaka 	678 Pages	2003
Shiva 	90 Pages	2012
An English translation of the Sushruta 	534 Pages	2010
Book. Bhrigu 	304 Pages	2013
Caraka 	270 Pages	2001
Charaka 	678 Pages	2003
Rig Veda 	700 Pages	2007
Sushruta 	450 Pages	2010
Susruta 	822 Pages	2008
Brihat 	492 Pages	2011
ashtavakra 	247 Pages	2008
Charaka 	678 Pages	2003
Shiva 	90 Pages	2012
An English translation of the Sushruta 	534 Pages	2010
Book. Bhrigu 	304 Pages	2013
Caraka 	270 Pages	2001
Charaka 	678 Pages	2003
Rig Veda 	700 Pages	2007
Sushruta 	450 Pages	2010
Susruta 	822 Pages	2008
Brihat 	492 Pages	2011
ashtavakra 	247 Pages	2008
Charaka 	678 Pages	2003
Shiva 	90 Pages	2012
An English translation of the Sushruta 	534 Pages	2010
Book. Bhrigu 	304 Pages	2013
Caraka 	270 Pages	2001
Charaka 	678 Pages	2003
Rig Veda 	700 Pages	2007
Sushruta 	450 Pages	2010
Susruta 	822 Pages	2008
Brihat 	492 Pages	2011
ashtavakra 	247 Pages	2008
Charaka 	678 Pages	2003
Shiva 	90 Pages	2012
An English translation of the Sushruta 	534 Pages	2010
Book. Bhrigu 	304 Pages	2013
Caraka 	270 Pages	2001
Charaka 	678 Pages	2003
Rig Veda 	700 Pages	2007
Sushruta 	450 Pages	2010
Susruta 	822 Pages	2008
Brihat 	492 Pages	2011
ashtavakra 	247 Pages	2008
Charaka 	678 Pages	2003
Shiva 	90 Pages	2012
An English translation of the Sushruta 	534 Pages	2010
Book. Bhrigu 	304 Pages	2013
Caraka 	270 Pages	2001
Charaka 	678 Pages	2003
Rig Veda 	700 Pages	2007
Sushruta 	450 Pages	2010
Susruta 	822 Pages	2008
Brihat 	492 Pages	2011
ashtavakra 	247 Pages	2008
Charaka 	678 Pages	2003
Shiva 	90 Pages	2012
An English translation of the Sushruta 	534 Pages	2010
Book. Bhrigu 	304 Pages	2013
Caraka 	270 Pages	2001
Charaka 	678 Pages	2003
Rig Veda 	700 Pages	2007
Sushruta 	450 Pages	2010
Susruta 	822 Pages	2008
Brihat 	492 Pages	2011
ashtavakra 	247 Pages	2008
Charaka 	678 Pages	2003
Shiva 	90 Pages	2012
An English translation of the Sushruta 	534 Pages	2010
Book. Bhrigu 	304 Pages	2013
Caraka 	270 Pages	2001
Charaka 	678 Pages	2003
Rig Veda 	700 Pages	2007
Sushruta 	450 Pages	2010
Susruta 	822 Pages	2008
Brihat 	492 Pages	2011
ashtavakra 	247 Pages	2008
Charaka 	678 Pages	2003
Shiva 	90 Pages	2012
An English translation of the Sushruta 	534 Pages	2010
Book. Bhrigu 	304 Pages	2013
Caraka 	270 Pages	2001
Charaka 	678 Pages	2003
Rig Veda 	700 Pages	2007
Sushruta 	450 Pages	2010
Susruta 	822 Pages	2008
Brihat 	492 Pages	2011
ashtavakra 	247 Pages	2008
Charaka 	678 Pages	2003
Shiva 	90 Pages	2012
An English translation of the Sushruta 	534 Pages	2010
Book. Bhrigu 	304 Pages	2013
Caraka 	270 Pages	2001
Charaka 	678 Pages	2003
Rig Veda 	700 Pages	2007
Sushruta 	450 Pages	2010
Susruta 	822 Pages	2008
Brihat 	492 Pages	2011
ashtavakra 	247 Pages	2008
Charaka 	678 Pages	2003
Shiva 	90 Pages	2012
An English translation of the Sushruta 	534 Pages	2010
Book. Bhrigu 	304 Pages	2013
Caraka 	270 Pages	2001
Charaka 	678 Pages	2003
Rig Veda 	700 Pages	2007
Sushruta 	450 Pages	2010
Susruta 	822 Pages	2008
Brihat 	492 Pages	2011
ashtavakra 	247 Pages	2008
Charaka 	678 Pages	2003
Shiva 	90 Pages	2012
An English translation of the Sushruta 	534 Pages	2010
Book. Bhrigu 	304 Pages	2013
Caraka 	270 Pages	2001
Charaka 	678 Pages	2003
Rig Veda 	700 Pages	2007
Sushruta 	450 Pages	2010
Susruta 	822 Pages	2008
Brihat 	492 Pages	2011
ashtavakra 	247 Pages	2008
Charaka 	678 Pages	2003
Shiva 	90 Pages	2012
An English translation of the Sushruta 	534 Pages	2010
Book. Bhrigu 	304 Pages	2013
Caraka 	270 Pages	2001
Charaka 	678 Pages	2003
Rig Veda 	700 Pages	2007
Sushruta 	450 Pages	2010
Susruta 	822 Pages	2008
Brihat 	492 Pages	2011
ashtavakra 	247 Pages	2008
Charaka 	678 Pages	2003
Shiva 	90 Pages	2012
An English translation of the Sushruta 	534 Pages	2010
Book. Bhrigu 	304 Pages	2013
Caraka 	270 Pages	2001
Charaka 	678 Pages	2003
Rig Veda 	700 Pages	2007
Sushruta 	450 Pages	2010
Susruta 	822 Pages	2008
Brihat 	492 Pages	2011
ashtavakra 	247 Pages	2008
Charaka 	678 Pages	2003
Shiva 	90 Pages	2012
An English translation of the Sushruta 	534 Pages	2010
