Manu 	274 Pages	2007
Vishnu 	336 Pages	2003
Major Training Report Training Report At 	50 Pages	2003
Jiban 	349 Pages	2015
Essence of Manu 	217 Pages	2017
Yajnavalkya 	471 Pages	2017
Essence of Manu 	217 Pages	2017
Jiban 	349 Pages	2015
<b>Smriti</b>	125 Pages	2016
Tender for Design, Construction, Erection, Commissioning, Trial Run of 1 MLD STP at 	294 Pages	2016
1 ESSENCE OF MANU 	217 Pages	2017
Jiban-	310 Pages	2016
swa.gulab bai yadav 	170 Pages	2015
Essence of Bharat Yatra 	149 Pages	2015
Intimate Partner Violence in Long-term Relationships of Older Adults by 	137 Pages	2015
ABSTRACT PEHIM LIMBU, 	224 Pages	2017
c 2017 	146 Pages	2017
Essence of Bharat Yatra 	149 Pages	2015
Yajnavalkya 	476 Pages	2010
JANUARY 2016 Govt. Sanjay Gandhi 	227 Pages	2016
Manu 	274 Pages	2007
Vishnu 	336 Pages	2003
Major Training Report Training Report At 	50 Pages	2003
Jiban 	349 Pages	2015
Essence of Manu 	217 Pages	2017
Yajnavalkya 	471 Pages	2017
Essence of Manu 	217 Pages	2017
Jiban 	349 Pages	2015
<b>Smriti</b>	125 Pages	2016
Tender for Design, Construction, Erection, Commissioning, Trial Run of 1 MLD STP at 	294 Pages	2016
1 ESSENCE OF MANU 	217 Pages	2017
Jiban-	310 Pages	2016
swa.gulab bai yadav 	170 Pages	2015
Essence of Bharat Yatra 	149 Pages	2015
Intimate Partner Violence in Long-term Relationships of Older Adults by 	137 Pages	2015
ABSTRACT PEHIM LIMBU, 	224 Pages	2017
c 2017 	146 Pages	2017
Essence of Bharat Yatra 	149 Pages	2015
Yajnavalkya 	476 Pages	2010
JANUARY 2016 Govt. Sanjay Gandhi 	227 Pages	2016
Manu 	274 Pages	2007
Vishnu 	336 Pages	2003
Major Training Report Training Report At 	50 Pages	2003
Jiban 	349 Pages	2015
Essence of Manu 	217 Pages	2017
Yajnavalkya 	471 Pages	2017
Essence of Manu 	217 Pages	2017
Jiban 	349 Pages	2015
<b>Smriti</b>	125 Pages	2016
Tender for Design, Construction, Erection, Commissioning, Trial Run of 1 MLD STP at 	294 Pages	2016
1 ESSENCE OF MANU 	217 Pages	2017
Jiban-	310 Pages	2016
swa.gulab bai yadav 	170 Pages	2015
Essence of Bharat Yatra 	149 Pages	2015
Intimate Partner Violence in Long-term Relationships of Older Adults by 	137 Pages	2015
ABSTRACT PEHIM LIMBU, 	224 Pages	2017
c 2017 	146 Pages	2017
Essence of Bharat Yatra 	149 Pages	2015
Yajnavalkya 	476 Pages	2010
JANUARY 2016 Govt. Sanjay Gandhi 	227 Pages	2016
Manu 	274 Pages	2007
Vishnu 	336 Pages	2003
Major Training Report Training Report At 	50 Pages	2003
Jiban 	349 Pages	2015
Essence of Manu 	217 Pages	2017
Yajnavalkya 	471 Pages	2017
Essence of Manu 	217 Pages	2017
Jiban 	349 Pages	2015
<b>Smriti</b>	125 Pages	2016
Tender for Design, Construction, Erection, Commissioning, Trial Run of 1 MLD STP at 	294 Pages	2016
1 ESSENCE OF MANU 	217 Pages	2017
Jiban-	310 Pages	2016
swa.gulab bai yadav 	170 Pages	2015
Essence of Bharat Yatra 	149 Pages	2015
Intimate Partner Violence in Long-term Relationships of Older Adults by 	137 Pages	2015
ABSTRACT PEHIM LIMBU, 	224 Pages	2017
c 2017 	146 Pages	2017
Essence of Bharat Yatra 	149 Pages	2015
Yajnavalkya 	476 Pages	2010
JANUARY 2016 Govt. Sanjay Gandhi 	227 Pages	2016
Manu 	274 Pages	2007
Vishnu 	336 Pages	2003
Major Training Report Training Report At 	50 Pages	2003
Jiban 	349 Pages	2015
Essence of Manu 	217 Pages	2017
Yajnavalkya 	471 Pages	2017
Essence of Manu 	217 Pages	2017
Jiban 	349 Pages	2015
<b>Smriti</b>	125 Pages	2016
Tender for Design, Construction, Erection, Commissioning, Trial Run of 1 MLD STP at 	294 Pages	2016
1 ESSENCE OF MANU 	217 Pages	2017
Jiban-	310 Pages	2016
swa.gulab bai yadav 	170 Pages	2015
Essence of Bharat Yatra 	149 Pages	2015
Intimate Partner Violence in Long-term Relationships of Older Adults by 	137 Pages	2015
ABSTRACT PEHIM LIMBU, 	224 Pages	2017
c 2017 	146 Pages	2017
Essence of Bharat Yatra 	149 Pages	2015
Yajnavalkya 	476 Pages	2010
JANUARY 2016 Govt. Sanjay Gandhi 	227 Pages	2016
Manu 	274 Pages	2007
Vishnu 	336 Pages	2003
Major Training Report Training Report At 	50 Pages	2003
Jiban 	349 Pages	2015
Essence of Manu 	217 Pages	2017
Yajnavalkya 	471 Pages	2017
Essence of Manu 	217 Pages	2017
Jiban 	349 Pages	2015
<b>Smriti</b>	125 Pages	2016
Tender for Design, Construction, Erection, Commissioning, Trial Run of 1 MLD STP at 	294 Pages	2016
1 ESSENCE OF MANU 	217 Pages	2017
Jiban-	310 Pages	2016
swa.gulab bai yadav 	170 Pages	2015
Essence of Bharat Yatra 	149 Pages	2015
Intimate Partner Violence in Long-term Relationships of Older Adults by 	137 Pages	2015
ABSTRACT PEHIM LIMBU, 	224 Pages	2017
c 2017 	146 Pages	2017
Essence of Bharat Yatra 	149 Pages	2015
Yajnavalkya 	476 Pages	2010
JANUARY 2016 Govt. Sanjay Gandhi 	227 Pages	2016
Manu 	274 Pages	2007
Vishnu 	336 Pages	2003
Major Training Report Training Report At 	50 Pages	2003
Jiban 	349 Pages	2015
Essence of Manu 	217 Pages	2017
Yajnavalkya 	471 Pages	2017
Essence of Manu 	217 Pages	2017
Jiban 	349 Pages	2015
<b>Smriti</b>	125 Pages	2016
Tender for Design, Construction, Erection, Commissioning, Trial Run of 1 MLD STP at 	294 Pages	2016
1 ESSENCE OF MANU 	217 Pages	2017
Jiban-	310 Pages	2016
swa.gulab bai yadav 	170 Pages	2015
Essence of Bharat Yatra 	149 Pages	2015
Intimate Partner Violence in Long-term Relationships of Older Adults by 	137 Pages	2015
ABSTRACT PEHIM LIMBU, 	224 Pages	2017
c 2017 	146 Pages	2017
Essence of Bharat Yatra 	149 Pages	2015
Yajnavalkya 	476 Pages	2010
JANUARY 2016 Govt. Sanjay Gandhi 	227 Pages	2016
Manu 	274 Pages	2007
Vishnu 	336 Pages	2003
Major Training Report Training Report At 	50 Pages	2003
Jiban 	349 Pages	2015
Essence of Manu 	217 Pages	2017
Yajnavalkya 	471 Pages	2017
Essence of Manu 	217 Pages	2017
Jiban 	349 Pages	2015
<b>Smriti</b>	125 Pages	2016
Tender for Design, Construction, Erection, Commissioning, Trial Run of 1 MLD STP at 	294 Pages	2016
1 ESSENCE OF MANU 	217 Pages	2017
Jiban-	310 Pages	2016
swa.gulab bai yadav 	170 Pages	2015
Essence of Bharat Yatra 	149 Pages	2015
Intimate Partner Violence in Long-term Relationships of Older Adults by 	137 Pages	2015
ABSTRACT PEHIM LIMBU, 	224 Pages	2017
c 2017 	146 Pages	2017
Essence of Bharat Yatra 	149 Pages	2015
Yajnavalkya 	476 Pages	2010
JANUARY 2016 Govt. Sanjay Gandhi 	227 Pages	2016
Manu 	274 Pages	2007
Vishnu 	336 Pages	2003
Major Training Report Training Report At 	50 Pages	2003
Jiban 	349 Pages	2015
Essence of Manu 	217 Pages	2017
Yajnavalkya 	471 Pages	2017
Essence of Manu 	217 Pages	2017
Jiban 	349 Pages	2015
<b>Smriti</b>	125 Pages	2016
Tender for Design, Construction, Erection, Commissioning, Trial Run of 1 MLD STP at 	294 Pages	2016
1 ESSENCE OF MANU 	217 Pages	2017
Jiban-	310 Pages	2016
swa.gulab bai yadav 	170 Pages	2015
Essence of Bharat Yatra 	149 Pages	2015
Intimate Partner Violence in Long-term Relationships of Older Adults by 	137 Pages	2015
ABSTRACT PEHIM LIMBU, 	224 Pages	2017
c 2017 	146 Pages	2017
Essence of Bharat Yatra 	149 Pages	2015
Yajnavalkya 	476 Pages	2010
JANUARY 2016 Govt. Sanjay Gandhi 	227 Pages	2016
Manu 	274 Pages	2007
Vishnu 	336 Pages	2003
Major Training Report Training Report At 	50 Pages	2003
Jiban 	349 Pages	2015
Essence of Manu 	217 Pages	2017
Yajnavalkya 	471 Pages	2017
Essence of Manu 	217 Pages	2017
Jiban 	349 Pages	2015
<b>Smriti</b>	125 Pages	2016
Tender for Design, Construction, Erection, Commissioning, Trial Run of 1 MLD STP at 	294 Pages	2016
1 ESSENCE OF MANU 	217 Pages	2017
Jiban-	310 Pages	2016
swa.gulab bai yadav 	170 Pages	2015
Essence of Bharat Yatra 	149 Pages	2015
Intimate Partner Violence in Long-term Relationships of Older Adults by 	137 Pages	2015
ABSTRACT PEHIM LIMBU, 	224 Pages	2017
c 2017 	146 Pages	2017
Essence of Bharat Yatra 	149 Pages	2015
Yajnavalkya 	476 Pages	2010
JANUARY 2016 Govt. Sanjay Gandhi 	227 Pages	2016
Manu 	274 Pages	2007
Vishnu 	336 Pages	2003
Major Training Report Training Report At 	50 Pages	2003
Jiban 	349 Pages	2015
Essence of Manu 	217 Pages	2017
Yajnavalkya 	471 Pages	2017
Essence of Manu 	217 Pages	2017
Jiban 	349 Pages	2015
<b>Smriti</b>	125 Pages	2016
Tender for Design, Construction, Erection, Commissioning, Trial Run of 1 MLD STP at 	294 Pages	2016
1 ESSENCE OF MANU 	217 Pages	2017
Jiban-	310 Pages	2016
swa.gulab bai yadav 	170 Pages	2015
Essence of Bharat Yatra 	149 Pages	2015
Intimate Partner Violence in Long-term Relationships of Older Adults by 	137 Pages	2015
ABSTRACT PEHIM LIMBU, 	224 Pages	2017
c 2017 	146 Pages	2017
Essence of Bharat Yatra 	149 Pages	2015
Yajnavalkya 	476 Pages	2010
JANUARY 2016 Govt. Sanjay Gandhi 	227 Pages	2016
Manu 	274 Pages	2007
Vishnu 	336 Pages	2003
Major Training Report Training Report At 	50 Pages	2003
Jiban 	349 Pages	2015
Essence of Manu 	217 Pages	2017
Yajnavalkya 	471 Pages	2017
Essence of Manu 	217 Pages	2017
Jiban 	349 Pages	2015
<b>Smriti</b>	125 Pages	2016
Tender for Design, Construction, Erection, Commissioning, Trial Run of 1 MLD STP at 	294 Pages	2016
1 ESSENCE OF MANU 	217 Pages	2017
Jiban-	310 Pages	2016
swa.gulab bai yadav 	170 Pages	2015
Essence of Bharat Yatra 	149 Pages	2015
Intimate Partner Violence in Long-term Relationships of Older Adults by 	137 Pages	2015
ABSTRACT PEHIM LIMBU, 	224 Pages	2017
c 2017 	146 Pages	2017
Essence of Bharat Yatra 	149 Pages	2015
Yajnavalkya 	476 Pages	2010
JANUARY 2016 Govt. Sanjay Gandhi 	227 Pages	2016
Manu 	274 Pages	2007
Vishnu 	336 Pages	2003
Major Training Report Training Report At 	50 Pages	2003
Jiban 	349 Pages	2015
Essence of Manu 	217 Pages	2017
Yajnavalkya 	471 Pages	2017
Essence of Manu 	217 Pages	2017
Jiban 	349 Pages	2015
<b>Smriti</b>	125 Pages	2016
Tender for Design, Construction, Erection, Commissioning, Trial Run of 1 MLD STP at 	294 Pages	2016
1 ESSENCE OF MANU 	217 Pages	2017
Jiban-	310 Pages	2016
swa.gulab bai yadav 	170 Pages	2015
Essence of Bharat Yatra 	149 Pages	2015
Intimate Partner Violence in Long-term Relationships of Older Adults by 	137 Pages	2015
ABSTRACT PEHIM LIMBU, 	224 Pages	2017
c 2017 	146 Pages	2017
Essence of Bharat Yatra 	149 Pages	2015
Yajnavalkya 	476 Pages	2010
JANUARY 2016 Govt. Sanjay Gandhi 	227 Pages	2016
Manu 	274 Pages	2007
Vishnu 	336 Pages	2003
Major Training Report Training Report At 	50 Pages	2003
Jiban 	349 Pages	2015
Essence of Manu 	217 Pages	2017
Yajnavalkya 	471 Pages	2017
Essence of Manu 	217 Pages	2017
Jiban 	349 Pages	2015
<b>Smriti</b>	125 Pages	2016
Tender for Design, Construction, Erection, Commissioning, Trial Run of 1 MLD STP at 	294 Pages	2016
1 ESSENCE OF MANU 	217 Pages	2017
Jiban-	310 Pages	2016
swa.gulab bai yadav 	170 Pages	2015
Essence of Bharat Yatra 	149 Pages	2015
Intimate Partner Violence in Long-term Relationships of Older Adults by 	137 Pages	2015
ABSTRACT PEHIM LIMBU, 	224 Pages	2017
c 2017 	146 Pages	2017
Essence of Bharat Yatra 	149 Pages	2015
Yajnavalkya 	476 Pages	2010
JANUARY 2016 Govt. Sanjay Gandhi 	227 Pages	2016
Manu 	274 Pages	2007
Vishnu 	336 Pages	2003
Major Training Report Training Report At 	50 Pages	2003
Jiban 	349 Pages	2015
Essence of Manu 	217 Pages	2017
Yajnavalkya 	471 Pages	2017
Essence of Manu 	217 Pages	2017
Jiban 	349 Pages	2015
<b>Smriti</b>	125 Pages	2016
Tender for Design, Construction, Erection, Commissioning, Trial Run of 1 MLD STP at 	294 Pages	2016
1 ESSENCE OF MANU 	217 Pages	2017
Jiban-	310 Pages	2016
swa.gulab bai yadav 	170 Pages	2015
Essence of Bharat Yatra 	149 Pages	2015
Intimate Partner Violence in Long-term Relationships of Older Adults by 	137 Pages	2015
ABSTRACT PEHIM LIMBU, 	224 Pages	2017
c 2017 	146 Pages	2017
Essence of Bharat Yatra 	149 Pages	2015
Yajnavalkya 	476 Pages	2010
JANUARY 2016 Govt. Sanjay Gandhi 	227 Pages	2016
Manu 	274 Pages	2007
Vishnu 	336 Pages	2003
Major Training Report Training Report At 	50 Pages	2003
Jiban 	349 Pages	2015
Essence of Manu 	217 Pages	2017
Yajnavalkya 	471 Pages	2017
Essence of Manu 	217 Pages	2017
Jiban 	349 Pages	2015
<b>Smriti</b>	125 Pages	2016
Tender for Design, Construction, Erection, Commissioning, Trial Run of 1 MLD STP at 	294 Pages	2016
1 ESSENCE OF MANU 	217 Pages	2017
Jiban-	310 Pages	2016
swa.gulab bai yadav 	170 Pages	2015
Essence of Bharat Yatra 	149 Pages	2015
Intimate Partner Violence in Long-term Relationships of Older Adults by 	137 Pages	2015
ABSTRACT PEHIM LIMBU, 	224 Pages	2017
c 2017 	146 Pages	2017
Essence of Bharat Yatra 	149 Pages	2015
Yajnavalkya 	476 Pages	2010
JANUARY 2016 Govt. Sanjay Gandhi 	227 Pages	2016
Manu 	274 Pages	2007
Vishnu 	336 Pages	2003
Major Training Report Training Report At 	50 Pages	2003
Jiban 	349 Pages	2015
Essence of Manu 	217 Pages	2017
Yajnavalkya 	471 Pages	2017
Essence of Manu 	217 Pages	2017
Jiban 	349 Pages	2015
<b>Smriti</b>	125 Pages	2016
Tender for Design, Construction, Erection, Commissioning, Trial Run of 1 MLD STP at 	294 Pages	2016
1 ESSENCE OF MANU 	217 Pages	2017
Jiban-	310 Pages	2016
swa.gulab bai yadav 	170 Pages	2015
Essence of Bharat Yatra 	149 Pages	2015
Intimate Partner Violence in Long-term Relationships of Older Adults by 	137 Pages	2015
ABSTRACT PEHIM LIMBU, 	224 Pages	2017
c 2017 	146 Pages	2017
Essence of Bharat Yatra 	149 Pages	2015
Yajnavalkya 	476 Pages	2010
JANUARY 2016 Govt. Sanjay Gandhi 	227 Pages	2016
Manu 	274 Pages	2007
Vishnu 	336 Pages	2003
Major Training Report Training Report At 	50 Pages	2003
Jiban 	349 Pages	2015
Essence of Manu 	217 Pages	2017
Yajnavalkya 	471 Pages	2017
Essence of Manu 	217 Pages	2017
Jiban 	349 Pages	2015
<b>Smriti</b>	125 Pages	2016
Tender for Design, Construction, Erection, Commissioning, Trial Run of 1 MLD STP at 	294 Pages	2016
1 ESSENCE OF MANU 	217 Pages	2017
Jiban-	310 Pages	2016
swa.gulab bai yadav 	170 Pages	2015
Essence of Bharat Yatra 	149 Pages	2015
Intimate Partner Violence in Long-term Relationships of Older Adults by 	137 Pages	2015
ABSTRACT PEHIM LIMBU, 	224 Pages	2017
c 2017 	146 Pages	2017
Essence of Bharat Yatra 	149 Pages	2015
Yajnavalkya 	476 Pages	2010
JANUARY 2016 Govt. Sanjay Gandhi 	227 Pages	2016
Manu 	274 Pages	2007
Vishnu 	336 Pages	2003
Major Training Report Training Report At 	50 Pages	2003
Jiban 	349 Pages	2015
Essence of Manu 	217 Pages	2017
Yajnavalkya 	471 Pages	2017
Essence of Manu 	217 Pages	2017
Jiban 	349 Pages	2015
<b>Smriti</b>	125 Pages	2016
Tender for Design, Construction, Erection, Commissioning, Trial Run of 1 MLD STP at 	294 Pages	2016
1 ESSENCE OF MANU 	217 Pages	2017
Jiban-	310 Pages	2016
swa.gulab bai yadav 	170 Pages	2015
Essence of Bharat Yatra 	149 Pages	2015
Intimate Partner Violence in Long-term Relationships of Older Adults by 	137 Pages	2015
ABSTRACT PEHIM LIMBU, 	224 Pages	2017
c 2017 	146 Pages	2017
Essence of Bharat Yatra 	149 Pages	2015
Yajnavalkya 	476 Pages	2010
JANUARY 2016 Govt. Sanjay Gandhi 	227 Pages	2016
Manu 	274 Pages	2007
Vishnu 	336 Pages	2003
Major Training Report Training Report At 	50 Pages	2003
Jiban 	349 Pages	2015
Essence of Manu 	217 Pages	2017
Yajnavalkya 	471 Pages	2017
Essence of Manu 	217 Pages	2017
Jiban 	349 Pages	2015
<b>Smriti</b>	125 Pages	2016
Tender for Design, Construction, Erection, Commissioning, Trial Run of 1 MLD STP at 	294 Pages	2016
1 ESSENCE OF MANU 	217 Pages	2017
Jiban-	310 Pages	2016
swa.gulab bai yadav 	170 Pages	2015
Essence of Bharat Yatra 	149 Pages	2015
Intimate Partner Violence in Long-term Relationships of Older Adults by 	137 Pages	2015
ABSTRACT PEHIM LIMBU, 	224 Pages	2017
c 2017 	146 Pages	2017
Essence of Bharat Yatra 	149 Pages	2015
Yajnavalkya 	476 Pages	2010
JANUARY 2016 Govt. Sanjay Gandhi 	227 Pages	2016
Manu 	274 Pages	2007
Vishnu 	336 Pages	2003
Major Training Report Training Report At 	50 Pages	2003
Jiban 	349 Pages	2015
Essence of Manu 	217 Pages	2017
Yajnavalkya 	471 Pages	2017
Essence of Manu 	217 Pages	2017
Jiban 	349 Pages	2015
<b>Smriti</b>	125 Pages	2016
Tender for Design, Construction, Erection, Commissioning, Trial Run of 1 MLD STP at 	294 Pages	2016
1 ESSENCE OF MANU 	217 Pages	2017
Jiban-	310 Pages	2016
swa.gulab bai yadav 	170 Pages	2015
Essence of Bharat Yatra 	149 Pages	2015
Intimate Partner Violence in Long-term Relationships of Older Adults by 	137 Pages	2015
ABSTRACT PEHIM LIMBU, 	224 Pages	2017
c 2017 	146 Pages	2017
Essence of Bharat Yatra 	149 Pages	2015
Yajnavalkya 	476 Pages	2010
JANUARY 2016 Govt. Sanjay Gandhi 	227 Pages	2016
Manu 	274 Pages	2007
Vishnu 	336 Pages	2003
Major Training Report Training Report At 	50 Pages	2003
Jiban 	349 Pages	2015
Essence of Manu 	217 Pages	2017
Yajnavalkya 	471 Pages	2017
Essence of Manu 	217 Pages	2017
Jiban 	349 Pages	2015
<b>Smriti</b>	125 Pages	2016
Tender for Design, Construction, Erection, Commissioning, Trial Run of 1 MLD STP at 	294 Pages	2016
1 ESSENCE OF MANU 	217 Pages	2017
Jiban-	310 Pages	2016
swa.gulab bai yadav 	170 Pages	2015
Essence of Bharat Yatra 	149 Pages	2015
Intimate Partner Violence in Long-term Relationships of Older Adults by 	137 Pages	2015
ABSTRACT PEHIM LIMBU, 	224 Pages	2017
c 2017 	146 Pages	2017
Essence of Bharat Yatra 	149 Pages	2015
Yajnavalkya 	476 Pages	2010
JANUARY 2016 Govt. Sanjay Gandhi 	227 Pages	2016
Manu 	274 Pages	2007
Vishnu 	336 Pages	2003
Major Training Report Training Report At 	50 Pages	2003
Jiban 	349 Pages	2015
Essence of Manu 	217 Pages	2017
Yajnavalkya 	471 Pages	2017
Essence of Manu 	217 Pages	2017
Jiban 	349 Pages	2015
<b>Smriti</b>	125 Pages	2016
Tender for Design, Construction, Erection, Commissioning, Trial Run of 1 MLD STP at 	294 Pages	2016
1 ESSENCE OF MANU 	217 Pages	2017
Jiban-	310 Pages	2016
swa.gulab bai yadav 	170 Pages	2015
Essence of Bharat Yatra 	149 Pages	2015
Intimate Partner Violence in Long-term Relationships of Older Adults by 	137 Pages	2015
ABSTRACT PEHIM LIMBU, 	224 Pages	2017
c 2017 	146 Pages	2017
Essence of Bharat Yatra 	149 Pages	2015
Yajnavalkya 	476 Pages	2010
JANUARY 2016 Govt. Sanjay Gandhi 	227 Pages	2016
Manu 	274 Pages	2007
Vishnu 	336 Pages	2003
Major Training Report Training Report At 	50 Pages	2003
Jiban 	349 Pages	2015
Essence of Manu 	217 Pages	2017
Yajnavalkya 	471 Pages	2017
Essence of Manu 	217 Pages	2017
Jiban 	349 Pages	2015
<b>Smriti</b>	125 Pages	2016
Tender for Design, Construction, Erection, Commissioning, Trial Run of 1 MLD STP at 	294 Pages	2016
1 ESSENCE OF MANU 	217 Pages	2017
Jiban-	310 Pages	2016
swa.gulab bai yadav 	170 Pages	2015
Essence of Bharat Yatra 	149 Pages	2015
Intimate Partner Violence in Long-term Relationships of Older Adults by 	137 Pages	2015
ABSTRACT PEHIM LIMBU, 	224 Pages	2017
c 2017 	146 Pages	2017
Essence of Bharat Yatra 	149 Pages	2015
Yajnavalkya 	476 Pages	2010
JANUARY 2016 Govt. Sanjay Gandhi 	227 Pages	2016
Manu 	274 Pages	2007
Vishnu 	336 Pages	2003
Major Training Report Training Report At 	50 Pages	2003
Jiban 	349 Pages	2015
Essence of Manu 	217 Pages	2017
Yajnavalkya 	471 Pages	2017
Essence of Manu 	217 Pages	2017
Jiban 	349 Pages	2015
<b>Smriti</b>	125 Pages	2016
Tender for Design, Construction, Erection, Commissioning, Trial Run of 1 MLD STP at 	294 Pages	2016
1 ESSENCE OF MANU 	217 Pages	2017
Jiban-	310 Pages	2016
swa.gulab bai yadav 	170 Pages	2015
Essence of Bharat Yatra 	149 Pages	2015
Intimate Partner Violence in Long-term Relationships of Older Adults by 	137 Pages	2015
ABSTRACT PEHIM LIMBU, 	224 Pages	2017
c 2017 	146 Pages	2017
Essence of Bharat Yatra 	149 Pages	2015
Yajnavalkya 	476 Pages	2010
JANUARY 2016 Govt. Sanjay Gandhi 	227 Pages	2016
Manu 	274 Pages	2007
Vishnu 	336 Pages	2003
Major Training Report Training Report At 	50 Pages	2003
Jiban 	349 Pages	2015
Essence of Manu 	217 Pages	2017
Yajnavalkya 	471 Pages	2017
Essence of Manu 	217 Pages	2017
Jiban 	349 Pages	2015
<b>Smriti</b>	125 Pages	2016
Tender for Design, Construction, Erection, Commissioning, Trial Run of 1 MLD STP at 	294 Pages	2016
1 ESSENCE OF MANU 	217 Pages	2017
Jiban-	310 Pages	2016
swa.gulab bai yadav 	170 Pages	2015
Essence of Bharat Yatra 	149 Pages	2015
Intimate Partner Violence in Long-term Relationships of Older Adults by 	137 Pages	2015
ABSTRACT PEHIM LIMBU, 	224 Pages	2017
c 2017 	146 Pages	2017
Essence of Bharat Yatra 	149 Pages	2015
Yajnavalkya 	476 Pages	2010
JANUARY 2016 Govt. Sanjay Gandhi 	227 Pages	2016
Manu 	274 Pages	2007
Vishnu 	336 Pages	2003
Major Training Report Training Report At 	50 Pages	2003
Jiban 	349 Pages	2015
Essence of Manu 	217 Pages	2017
Yajnavalkya 	471 Pages	2017
Essence of Manu 	217 Pages	2017
Jiban 	349 Pages	2015
<b>Smriti</b>	125 Pages	2016
Tender for Design, Construction, Erection, Commissioning, Trial Run of 1 MLD STP at 	294 Pages	2016
1 ESSENCE OF MANU 	217 Pages	2017
Jiban-	310 Pages	2016
swa.gulab bai yadav 	170 Pages	2015
Essence of Bharat Yatra 	149 Pages	2015
Intimate Partner Violence in Long-term Relationships of Older Adults by 	137 Pages	2015
ABSTRACT PEHIM LIMBU, 	224 Pages	2017
c 2017 	146 Pages	2017
Essence of Bharat Yatra 	149 Pages	2015
Yajnavalkya 	476 Pages	2010
JANUARY 2016 Govt. Sanjay Gandhi 	227 Pages	2016
Manu 	274 Pages	2007
Vishnu 	336 Pages	2003
Major Training Report Training Report At 	50 Pages	2003
Jiban 	349 Pages	2015
Essence of Manu 	217 Pages	2017
Yajnavalkya 	471 Pages	2017
Essence of Manu 	217 Pages	2017
Jiban 	349 Pages	2015
<b>Smriti</b>	125 Pages	2016
Tender for Design, Construction, Erection, Commissioning, Trial Run of 1 MLD STP at 	294 Pages	2016
1 ESSENCE OF MANU 	217 Pages	2017
Jiban-	310 Pages	2016
swa.gulab bai yadav 	170 Pages	2015
Essence of Bharat Yatra 	149 Pages	2015
Intimate Partner Violence in Long-term Relationships of Older Adults by 	137 Pages	2015
ABSTRACT PEHIM LIMBU, 	224 Pages	2017
c 2017 	146 Pages	2017
Essence of Bharat Yatra 	149 Pages	2015
Yajnavalkya 	476 Pages	2010
JANUARY 2016 Govt. Sanjay Gandhi 	227 Pages	2016
Manu 	274 Pages	2007
Vishnu 	336 Pages	2003
Major Training Report Training Report At 	50 Pages	2003
Jiban 	349 Pages	2015
Essence of Manu 	217 Pages	2017
Yajnavalkya 	471 Pages	2017
Essence of Manu 	217 Pages	2017
Jiban 	349 Pages	2015
<b>Smriti</b>	125 Pages	2016
Tender for Design, Construction, Erection, Commissioning, Trial Run of 1 MLD STP at 	294 Pages	2016
1 ESSENCE OF MANU 	217 Pages	2017
Jiban-	310 Pages	2016
swa.gulab bai yadav 	170 Pages	2015
Essence of Bharat Yatra 	149 Pages	2015
Intimate Partner Violence in Long-term Relationships of Older Adults by 	137 Pages	2015
ABSTRACT PEHIM LIMBU, 	224 Pages	2017
c 2017 	146 Pages	2017
Essence of Bharat Yatra 	149 Pages	2015
Yajnavalkya 	476 Pages	2010
JANUARY 2016 Govt. Sanjay Gandhi 	227 Pages	2016
Manu 	274 Pages	2007
Vishnu 	336 Pages	2003
Major Training Report Training Report At 	50 Pages	2003
Jiban 	349 Pages	2015
Essence of Manu 	217 Pages	2017
Yajnavalkya 	471 Pages	2017
Essence of Manu 	217 Pages	2017
Jiban 	349 Pages	2015
<b>Smriti</b>	125 Pages	2016
Tender for Design, Construction, Erection, Commissioning, Trial Run of 1 MLD STP at 	294 Pages	2016
1 ESSENCE OF MANU 	217 Pages	2017
Jiban-	310 Pages	2016
swa.gulab bai yadav 	170 Pages	2015
Essence of Bharat Yatra 	149 Pages	2015
Intimate Partner Violence in Long-term Relationships of Older Adults by 	137 Pages	2015
ABSTRACT PEHIM LIMBU, 	224 Pages	2017
c 2017 	146 Pages	2017
Essence of Bharat Yatra 	149 Pages	2015
Yajnavalkya 	476 Pages	2010
JANUARY 2016 Govt. Sanjay Gandhi 	227 Pages	2016
Manu 	274 Pages	2007
Vishnu 	336 Pages	2003
Major Training Report Training Report At 	50 Pages	2003
Jiban 	349 Pages	2015
Essence of Manu 	217 Pages	2017
Yajnavalkya 	471 Pages	2017
Essence of Manu 	217 Pages	2017
Jiban 	349 Pages	2015
<b>Smriti</b>	125 Pages	2016
Tender for Design, Construction, Erection, Commissioning, Trial Run of 1 MLD STP at 	294 Pages	2016
1 ESSENCE OF MANU 	217 Pages	2017
Jiban-	310 Pages	2016
swa.gulab bai yadav 	170 Pages	2015
Essence of Bharat Yatra 	149 Pages	2015
Intimate Partner Violence in Long-term Relationships of Older Adults by 	137 Pages	2015
ABSTRACT PEHIM LIMBU, 	224 Pages	2017
c 2017 	146 Pages	2017
Essence of Bharat Yatra 	149 Pages	2015
Yajnavalkya 	476 Pages	2010
JANUARY 2016 Govt. Sanjay Gandhi 	227 Pages	2016
Manu 	274 Pages	2007
Vishnu 	336 Pages	2003
Major Training Report Training Report At 	50 Pages	2003
Jiban 	349 Pages	2015
Essence of Manu 	217 Pages	2017
Yajnavalkya 	471 Pages	2017
Essence of Manu 	217 Pages	2017
Jiban 	349 Pages	2015
<b>Smriti</b>	125 Pages	2016
Tender for Design, Construction, Erection, Commissioning, Trial Run of 1 MLD STP at 	294 Pages	2016
1 ESSENCE OF MANU 	217 Pages	2017
Jiban-	310 Pages	2016
swa.gulab bai yadav 	170 Pages	2015
Essence of Bharat Yatra 	149 Pages	2015
Intimate Partner Violence in Long-term Relationships of Older Adults by 	137 Pages	2015
ABSTRACT PEHIM LIMBU, 	224 Pages	2017
c 2017 	146 Pages	2017
Essence of Bharat Yatra 	149 Pages	2015
Yajnavalkya 	476 Pages	2010
JANUARY 2016 Govt. Sanjay Gandhi 	227 Pages	2016
Manu 	274 Pages	2007
Vishnu 	336 Pages	2003
Major Training Report Training Report At 	50 Pages	2003
Jiban 	349 Pages	2015
Essence of Manu 	217 Pages	2017
Yajnavalkya 	471 Pages	2017
Essence of Manu 	217 Pages	2017
Jiban 	349 Pages	2015
<b>Smriti</b>	125 Pages	2016
Tender for Design, Construction, Erection, Commissioning, Trial Run of 1 MLD STP at 	294 Pages	2016
1 ESSENCE OF MANU 	217 Pages	2017
Jiban-	310 Pages	2016
swa.gulab bai yadav 	170 Pages	2015
Essence of Bharat Yatra 	149 Pages	2015
Intimate Partner Violence in Long-term Relationships of Older Adults by 	137 Pages	2015
ABSTRACT PEHIM LIMBU, 	224 Pages	2017
c 2017 	146 Pages	2017
Essence of Bharat Yatra 	149 Pages	2015
Yajnavalkya 	476 Pages	2010
JANUARY 2016 Govt. Sanjay Gandhi 	227 Pages	2016
Manu 	274 Pages	2007
Vishnu 	336 Pages	2003
Major Training Report Training Report At 	50 Pages	2003
Jiban 	349 Pages	2015
Essence of Manu 	217 Pages	2017
Yajnavalkya 	471 Pages	2017
Essence of Manu 	217 Pages	2017
Jiban 	349 Pages	2015
<b>Smriti</b>	125 Pages	2016
Tender for Design, Construction, Erection, Commissioning, Trial Run of 1 MLD STP at 	294 Pages	2016
1 ESSENCE OF MANU 	217 Pages	2017
Jiban-	310 Pages	2016
swa.gulab bai yadav 	170 Pages	2015
Essence of Bharat Yatra 	149 Pages	2015
Intimate Partner Violence in Long-term Relationships of Older Adults by 	137 Pages	2015
ABSTRACT PEHIM LIMBU, 	224 Pages	2017
c 2017 	146 Pages	2017
Essence of Bharat Yatra 	149 Pages	2015
Yajnavalkya 	476 Pages	2010
JANUARY 2016 Govt. Sanjay Gandhi 	227 Pages	2016
Manu 	274 Pages	2007
Vishnu 	336 Pages	2003
Major Training Report Training Report At 	50 Pages	2003
Jiban 	349 Pages	2015
Essence of Manu 	217 Pages	2017
Yajnavalkya 	471 Pages	2017
Essence of Manu 	217 Pages	2017
Jiban 	349 Pages	2015
<b>Smriti</b>	125 Pages	2016
Tender for Design, Construction, Erection, Commissioning, Trial Run of 1 MLD STP at 	294 Pages	2016
1 ESSENCE OF MANU 	217 Pages	2017
Jiban-	310 Pages	2016
swa.gulab bai yadav 	170 Pages	2015
Essence of Bharat Yatra 	149 Pages	2015
Intimate Partner Violence in Long-term Relationships of Older Adults by 	137 Pages	2015
ABSTRACT PEHIM LIMBU, 	224 Pages	2017
c 2017 	146 Pages	2017
Essence of Bharat Yatra 	149 Pages	2015
Yajnavalkya 	476 Pages	2010
JANUARY 2016 Govt. Sanjay Gandhi 	227 Pages	2016
Manu 	274 Pages	2007
Vishnu 	336 Pages	2003
Major Training Report Training Report At 	50 Pages	2003
Jiban 	349 Pages	2015
Essence of Manu 	217 Pages	2017
Yajnavalkya 	471 Pages	2017
Essence of Manu 	217 Pages	2017
Jiban 	349 Pages	2015
<b>Smriti</b>	125 Pages	2016
Tender for Design, Construction, Erection, Commissioning, Trial Run of 1 MLD STP at 	294 Pages	2016
1 ESSENCE OF MANU 	217 Pages	2017
Jiban-	310 Pages	2016
swa.gulab bai yadav 	170 Pages	2015
Essence of Bharat Yatra 	149 Pages	2015
Intimate Partner Violence in Long-term Relationships of Older Adults by 	137 Pages	2015
ABSTRACT PEHIM LIMBU, 	224 Pages	2017
c 2017 	146 Pages	2017
Essence of Bharat Yatra 	149 Pages	2015
Yajnavalkya 	476 Pages	2010
JANUARY 2016 Govt. Sanjay Gandhi 	227 Pages	2016
Manu 	274 Pages	2007
Vishnu 	336 Pages	2003
Major Training Report Training Report At 	50 Pages	2003
Jiban 	349 Pages	2015
Essence of Manu 	217 Pages	2017
Yajnavalkya 	471 Pages	2017
Essence of Manu 	217 Pages	2017
Jiban 	349 Pages	2015
<b>Smriti</b>	125 Pages	2016
Tender for Design, Construction, Erection, Commissioning, Trial Run of 1 MLD STP at 	294 Pages	2016
1 ESSENCE OF MANU 	217 Pages	2017
Jiban-	310 Pages	2016
swa.gulab bai yadav 	170 Pages	2015
Essence of Bharat Yatra 	149 Pages	2015
Intimate Partner Violence in Long-term Relationships of Older Adults by 	137 Pages	2015
ABSTRACT PEHIM LIMBU, 	224 Pages	2017
c 2017 	146 Pages	2017
Essence of Bharat Yatra 	149 Pages	2015
Yajnavalkya 	476 Pages	2010
JANUARY 2016 Govt. Sanjay Gandhi 	227 Pages	2016
Manu 	274 Pages	2007
Vishnu 	336 Pages	2003
Major Training Report Training Report At 	50 Pages	2003
Jiban 	349 Pages	2015
Essence of Manu 	217 Pages	2017
Yajnavalkya 	471 Pages	2017
Essence of Manu 	217 Pages	2017
Jiban 	349 Pages	2015
<b>Smriti</b>	125 Pages	2016
Tender for Design, Construction, Erection, Commissioning, Trial Run of 1 MLD STP at 	294 Pages	2016
1 ESSENCE OF MANU 	217 Pages	2017
Jiban-	310 Pages	2016
swa.gulab bai yadav 	170 Pages	2015
Essence of Bharat Yatra 	149 Pages	2015
Intimate Partner Violence in Long-term Relationships of Older Adults by 	137 Pages	2015
ABSTRACT PEHIM LIMBU, 	224 Pages	2017
c 2017 	146 Pages	2017
Essence of Bharat Yatra 	149 Pages	2015
Yajnavalkya 	476 Pages	2010
JANUARY 2016 Govt. Sanjay Gandhi 	227 Pages	2016
Manu 	274 Pages	2007
Vishnu 	336 Pages	2003
Major Training Report Training Report At 	50 Pages	2003
Jiban 	349 Pages	2015
Essence of Manu 	217 Pages	2017
Yajnavalkya 	471 Pages	2017
Essence of Manu 	217 Pages	2017
Jiban 	349 Pages	2015
<b>Smriti</b>	125 Pages	2016
Tender for Design, Construction, Erection, Commissioning, Trial Run of 1 MLD STP at 	294 Pages	2016
1 ESSENCE OF MANU 	217 Pages	2017
Jiban-	310 Pages	2016
swa.gulab bai yadav 	170 Pages	2015
Essence of Bharat Yatra 	149 Pages	2015
Intimate Partner Violence in Long-term Relationships of Older Adults by 	137 Pages	2015
ABSTRACT PEHIM LIMBU, 	224 Pages	2017
c 2017 	146 Pages	2017
Essence of Bharat Yatra 	149 Pages	2015
Yajnavalkya 	476 Pages	2010
JANUARY 2016 Govt. Sanjay Gandhi 	227 Pages	2016
Manu 	274 Pages	2007
Vishnu 	336 Pages	2003
Major Training Report Training Report At 	50 Pages	2003
Jiban 	349 Pages	2015
Essence of Manu 	217 Pages	2017
Yajnavalkya 	471 Pages	2017
Essence of Manu 	217 Pages	2017
Jiban 	349 Pages	2015
<b>Smriti</b>	125 Pages	2016
Tender for Design, Construction, Erection, Commissioning, Trial Run of 1 MLD STP at 	294 Pages	2016
1 ESSENCE OF MANU 	217 Pages	2017
Jiban-	310 Pages	2016
swa.gulab bai yadav 	170 Pages	2015
Essence of Bharat Yatra 	149 Pages	2015
Intimate Partner Violence in Long-term Relationships of Older Adults by 	137 Pages	2015
ABSTRACT PEHIM LIMBU, 	224 Pages	2017
c 2017 	146 Pages	2017
Essence of Bharat Yatra 	149 Pages	2015
Yajnavalkya 	476 Pages	2010
JANUARY 2016 Govt. Sanjay Gandhi 	227 Pages	2016
Manu 	274 Pages	2007
Vishnu 	336 Pages	2003
Major Training Report Training Report At 	50 Pages	2003
Jiban 	349 Pages	2015
Essence of Manu 	217 Pages	2017
Yajnavalkya 	471 Pages	2017
Essence of Manu 	217 Pages	2017
Jiban 	349 Pages	2015
<b>Smriti</b>	125 Pages	2016
Tender for Design, Construction, Erection, Commissioning, Trial Run of 1 MLD STP at 	294 Pages	2016
1 ESSENCE OF MANU 	217 Pages	2017
Jiban-	310 Pages	2016
swa.gulab bai yadav 	170 Pages	2015
Essence of Bharat Yatra 	149 Pages	2015
Intimate Partner Violence in Long-term Relationships of Older Adults by 	137 Pages	2015
ABSTRACT PEHIM LIMBU, 	224 Pages	2017
c 2017 	146 Pages	2017
Essence of Bharat Yatra 	149 Pages	2015
Yajnavalkya 	476 Pages	2010
JANUARY 2016 Govt. Sanjay Gandhi 	227 Pages	2016
Manu 	274 Pages	2007
Vishnu 	336 Pages	2003
Major Training Report Training Report At 	50 Pages	2003
Jiban 	349 Pages	2015
Essence of Manu 	217 Pages	2017
Yajnavalkya 	471 Pages	2017
Essence of Manu 	217 Pages	2017
Jiban 	349 Pages	2015
<b>Smriti</b>	125 Pages	2016
Tender for Design, Construction, Erection, Commissioning, Trial Run of 1 MLD STP at 	294 Pages	2016
1 ESSENCE OF MANU 	217 Pages	2017
Jiban-	310 Pages	2016
swa.gulab bai yadav 	170 Pages	2015
Essence of Bharat Yatra 	149 Pages	2015
Intimate Partner Violence in Long-term Relationships of Older Adults by 	137 Pages	2015
ABSTRACT PEHIM LIMBU, 	224 Pages	2017
c 2017 	146 Pages	2017
Essence of Bharat Yatra 	149 Pages	2015
Yajnavalkya 	476 Pages	2010
JANUARY 2016 Govt. Sanjay Gandhi 	227 Pages	2016
Manu 	274 Pages	2007
Vishnu 	336 Pages	2003
Major Training Report Training Report At 	50 Pages	2003
Jiban 	349 Pages	2015
Essence of Manu 	217 Pages	2017
Yajnavalkya 	471 Pages	2017
Essence of Manu 	217 Pages	2017
Jiban 	349 Pages	2015
<b>Smriti</b>	125 Pages	2016
Tender for Design, Construction, Erection, Commissioning, Trial Run of 1 MLD STP at 	294 Pages	2016
1 ESSENCE OF MANU 	217 Pages	2017
Jiban-	310 Pages	2016
swa.gulab bai yadav 	170 Pages	2015
Essence of Bharat Yatra 	149 Pages	2015
Intimate Partner Violence in Long-term Relationships of Older Adults by 	137 Pages	2015
ABSTRACT PEHIM LIMBU, 	224 Pages	2017
c 2017 	146 Pages	2017
Essence of Bharat Yatra 	149 Pages	2015
Yajnavalkya 	476 Pages	2010
JANUARY 2016 Govt. Sanjay Gandhi 	227 Pages	2016
Manu 	274 Pages	2007
Vishnu 	336 Pages	2003
Major Training Report Training Report At 	50 Pages	2003
Jiban 	349 Pages	2015
Essence of Manu 	217 Pages	2017
Yajnavalkya 	471 Pages	2017
Essence of Manu 	217 Pages	2017
Jiban 	349 Pages	2015
<b>Smriti</b>	125 Pages	2016
Tender for Design, Construction, Erection, Commissioning, Trial Run of 1 MLD STP at 	294 Pages	2016
1 ESSENCE OF MANU 	217 Pages	2017
Jiban-	310 Pages	2016
swa.gulab bai yadav 	170 Pages	2015
Essence of Bharat Yatra 	149 Pages	2015
Intimate Partner Violence in Long-term Relationships of Older Adults by 	137 Pages	2015
ABSTRACT PEHIM LIMBU, 	224 Pages	2017
c 2017 	146 Pages	2017
Essence of Bharat Yatra 	149 Pages	2015
Yajnavalkya 	476 Pages	2010
JANUARY 2016 Govt. Sanjay Gandhi 	227 Pages	2016
Manu 	274 Pages	2007
Vishnu 	336 Pages	2003
Major Training Report Training Report At 	50 Pages	2003
Jiban 	349 Pages	2015
Essence of Manu 	217 Pages	2017
Yajnavalkya 	471 Pages	2017
Essence of Manu 	217 Pages	2017
Jiban 	349 Pages	2015
<b>Smriti</b>	125 Pages	2016
Tender for Design, Construction, Erection, Commissioning, Trial Run of 1 MLD STP at 	294 Pages	2016
1 ESSENCE OF MANU 	217 Pages	2017
Jiban-	310 Pages	2016
swa.gulab bai yadav 	170 Pages	2015
Essence of Bharat Yatra 	149 Pages	2015
Intimate Partner Violence in Long-term Relationships of Older Adults by 	137 Pages	2015
ABSTRACT PEHIM LIMBU, 	224 Pages	2017
c 2017 	146 Pages	2017
Essence of Bharat Yatra 	149 Pages	2015
Yajnavalkya 	476 Pages	2010
JANUARY 2016 Govt. Sanjay Gandhi 	227 Pages	2016
Manu 	274 Pages	2007
Vishnu 	336 Pages	2003
Major Training Report Training Report At 	50 Pages	2003
Jiban 	349 Pages	2015
Essence of Manu 	217 Pages	2017
Yajnavalkya 	471 Pages	2017
Essence of Manu 	217 Pages	2017
Jiban 	349 Pages	2015
<b>Smriti</b>	125 Pages	2016
Tender for Design, Construction, Erection, Commissioning, Trial Run of 1 MLD STP at 	294 Pages	2016
1 ESSENCE OF MANU 	217 Pages	2017
Jiban-	310 Pages	2016
swa.gulab bai yadav 	170 Pages	2015
Essence of Bharat Yatra 	149 Pages	2015
Intimate Partner Violence in Long-term Relationships of Older Adults by 	137 Pages	2015
ABSTRACT PEHIM LIMBU, 	224 Pages	2017
c 2017 	146 Pages	2017
Essence of Bharat Yatra 	149 Pages	2015
Yajnavalkya 	476 Pages	2010
JANUARY 2016 Govt. Sanjay Gandhi 	227 Pages	2016
Manu 	274 Pages	2007
Vishnu 	336 Pages	2003
Major Training Report Training Report At 	50 Pages	2003
Jiban 	349 Pages	2015
Essence of Manu 	217 Pages	2017
Yajnavalkya 	471 Pages	2017
Essence of Manu 	217 Pages	2017
Jiban 	349 Pages	2015
<b>Smriti</b>	125 Pages	2016
Tender for Design, Construction, Erection, Commissioning, Trial Run of 1 MLD STP at 	294 Pages	2016
1 ESSENCE OF MANU 	217 Pages	2017
Jiban-	310 Pages	2016
swa.gulab bai yadav 	170 Pages	2015
Essence of Bharat Yatra 	149 Pages	2015
Intimate Partner Violence in Long-term Relationships of Older Adults by 	137 Pages	2015
ABSTRACT PEHIM LIMBU, 	224 Pages	2017
c 2017 	146 Pages	2017
Essence of Bharat Yatra 	149 Pages	2015
Yajnavalkya 	476 Pages	2010
JANUARY 2016 Govt. Sanjay Gandhi 	227 Pages	2016
Manu 	274 Pages	2007
Vishnu 	336 Pages	2003
Major Training Report Training Report At 	50 Pages	2003
Jiban 	349 Pages	2015
Essence of Manu 	217 Pages	2017
Yajnavalkya 	471 Pages	2017
Essence of Manu 	217 Pages	2017
Jiban 	349 Pages	2015
<b>Smriti</b>	125 Pages	2016
Tender for Design, Construction, Erection, Commissioning, Trial Run of 1 MLD STP at 	294 Pages	2016
1 ESSENCE OF MANU 	217 Pages	2017
Jiban-	310 Pages	2016
swa.gulab bai yadav 	170 Pages	2015
Essence of Bharat Yatra 	149 Pages	2015
Intimate Partner Violence in Long-term Relationships of Older Adults by 	137 Pages	2015
ABSTRACT PEHIM LIMBU, 	224 Pages	2017
c 2017 	146 Pages	2017
Essence of Bharat Yatra 	149 Pages	2015
Yajnavalkya 	476 Pages	2010
JANUARY 2016 Govt. Sanjay Gandhi 	227 Pages	2016
Manu 	274 Pages	2007
Vishnu 	336 Pages	2003
Major Training Report Training Report At 	50 Pages	2003
Jiban 	349 Pages	2015
Essence of Manu 	217 Pages	2017
Yajnavalkya 	471 Pages	2017
Essence of Manu 	217 Pages	2017
Jiban 	349 Pages	2015
<b>Smriti</b>	125 Pages	2016
Tender for Design, Construction, Erection, Commissioning, Trial Run of 1 MLD STP at 	294 Pages	2016
1 ESSENCE OF MANU 	217 Pages	2017
Jiban-	310 Pages	2016
swa.gulab bai yadav 	170 Pages	2015
Essence of Bharat Yatra 	149 Pages	2015
Intimate Partner Violence in Long-term Relationships of Older Adults by 	137 Pages	2015
ABSTRACT PEHIM LIMBU, 	224 Pages	2017
c 2017 	146 Pages	2017
Essence of Bharat Yatra 	149 Pages	2015
Yajnavalkya 	476 Pages	2010
JANUARY 2016 Govt. Sanjay Gandhi 	227 Pages	2016
Manu 	274 Pages	2007
Vishnu 	336 Pages	2003
Major Training Report Training Report At 	50 Pages	2003
Jiban 	349 Pages	2015
Essence of Manu 	217 Pages	2017
Yajnavalkya 	471 Pages	2017
Essence of Manu 	217 Pages	2017
Jiban 	349 Pages	2015
<b>Smriti</b>	125 Pages	2016
Tender for Design, Construction, Erection, Commissioning, Trial Run of 1 MLD STP at 	294 Pages	2016
1 ESSENCE OF MANU 	217 Pages	2017
Jiban-	310 Pages	2016
swa.gulab bai yadav 	170 Pages	2015
Essence of Bharat Yatra 	149 Pages	2015
Intimate Partner Violence in Long-term Relationships of Older Adults by 	137 Pages	2015
ABSTRACT PEHIM LIMBU, 	224 Pages	2017
c 2017 	146 Pages	2017
Essence of Bharat Yatra 	149 Pages	2015
Yajnavalkya 	476 Pages	2010
JANUARY 2016 Govt. Sanjay Gandhi 	227 Pages	2016
Manu 	274 Pages	2007
Vishnu 	336 Pages	2003
Major Training Report Training Report At 	50 Pages	2003
Jiban 	349 Pages	2015
Essence of Manu 	217 Pages	2017
Yajnavalkya 	471 Pages	2017
Essence of Manu 	217 Pages	2017
Jiban 	349 Pages	2015
<b>Smriti</b>	125 Pages	2016
Tender for Design, Construction, Erection, Commissioning, Trial Run of 1 MLD STP at 	294 Pages	2016
1 ESSENCE OF MANU 	217 Pages	2017
Jiban-	310 Pages	2016
swa.gulab bai yadav 	170 Pages	2015
Essence of Bharat Yatra 	149 Pages	2015
Intimate Partner Violence in Long-term Relationships of Older Adults by 	137 Pages	2015
ABSTRACT PEHIM LIMBU, 	224 Pages	2017
c 2017 	146 Pages	2017
Essence of Bharat Yatra 	149 Pages	2015
Yajnavalkya 	476 Pages	2010
JANUARY 2016 Govt. Sanjay Gandhi 	227 Pages	2016
Manu 	274 Pages	2007
Vishnu 	336 Pages	2003
Major Training Report Training Report At 	50 Pages	2003
Jiban 	349 Pages	2015
Essence of Manu 	217 Pages	2017
Yajnavalkya 	471 Pages	2017
Essence of Manu 	217 Pages	2017
Jiban 	349 Pages	2015
<b>Smriti</b>	125 Pages	2016
Tender for Design, Construction, Erection, Commissioning, Trial Run of 1 MLD STP at 	294 Pages	2016
1 ESSENCE OF MANU 	217 Pages	2017
Jiban-	310 Pages	2016
swa.gulab bai yadav 	170 Pages	2015
Essence of Bharat Yatra 	149 Pages	2015
Intimate Partner Violence in Long-term Relationships of Older Adults by 	137 Pages	2015
ABSTRACT PEHIM LIMBU, 	224 Pages	2017
c 2017 	146 Pages	2017
Essence of Bharat Yatra 	149 Pages	2015
Yajnavalkya 	476 Pages	2010
JANUARY 2016 Govt. Sanjay Gandhi 	227 Pages	2016
Manu 	274 Pages	2007
Vishnu 	336 Pages	2003
Major Training Report Training Report At 	50 Pages	2003
Jiban 	349 Pages	2015
Essence of Manu 	217 Pages	2017
Yajnavalkya 	471 Pages	2017
Essence of Manu 	217 Pages	2017
Jiban 	349 Pages	2015
<b>Smriti</b>	125 Pages	2016
Tender for Design, Construction, Erection, Commissioning, Trial Run of 1 MLD STP at 	294 Pages	2016
1 ESSENCE OF MANU 	217 Pages	2017
Jiban-	310 Pages	2016
swa.gulab bai yadav 	170 Pages	2015
Essence of Bharat Yatra 	149 Pages	2015
Intimate Partner Violence in Long-term Relationships of Older Adults by 	137 Pages	2015
ABSTRACT PEHIM LIMBU, 	224 Pages	2017
c 2017 	146 Pages	2017
Essence of Bharat Yatra 	149 Pages	2015
Yajnavalkya 	476 Pages	2010
JANUARY 2016 Govt. Sanjay Gandhi 	227 Pages	2016
Manu 	274 Pages	2007
Vishnu 	336 Pages	2003
Major Training Report Training Report At 	50 Pages	2003
Jiban 	349 Pages	2015
Essence of Manu 	217 Pages	2017
Yajnavalkya 	471 Pages	2017
Essence of Manu 	217 Pages	2017
Jiban 	349 Pages	2015
<b>Smriti</b>	125 Pages	2016
Tender for Design, Construction, Erection, Commissioning, Trial Run of 1 MLD STP at 	294 Pages	2016
1 ESSENCE OF MANU 	217 Pages	2017
Jiban-	310 Pages	2016
swa.gulab bai yadav 	170 Pages	2015
Essence of Bharat Yatra 	149 Pages	2015
Intimate Partner Violence in Long-term Relationships of Older Adults by 	137 Pages	2015
ABSTRACT PEHIM LIMBU, 	224 Pages	2017
c 2017 	146 Pages	2017
Essence of Bharat Yatra 	149 Pages	2015
Yajnavalkya 	476 Pages	2010
JANUARY 2016 Govt. Sanjay Gandhi 	227 Pages	2016
Manu 	274 Pages	2007
Vishnu 	336 Pages	2003
Major Training Report Training Report At 	50 Pages	2003
Jiban 	349 Pages	2015
Essence of Manu 	217 Pages	2017
Yajnavalkya 	471 Pages	2017
Essence of Manu 	217 Pages	2017
Jiban 	349 Pages	2015
<b>Smriti</b>	125 Pages	2016
Tender for Design, Construction, Erection, Commissioning, Trial Run of 1 MLD STP at 	294 Pages	2016
1 ESSENCE OF MANU 	217 Pages	2017
Jiban-	310 Pages	2016
swa.gulab bai yadav 	170 Pages	2015
Essence of Bharat Yatra 	149 Pages	2015
Intimate Partner Violence in Long-term Relationships of Older Adults by 	137 Pages	2015
ABSTRACT PEHIM LIMBU, 	224 Pages	2017
c 2017 	146 Pages	2017
Essence of Bharat Yatra 	149 Pages	2015
Yajnavalkya 	476 Pages	2010
JANUARY 2016 Govt. Sanjay Gandhi 	227 Pages	2016
Manu 	274 Pages	2007
Vishnu 	336 Pages	2003
Major Training Report Training Report At 	50 Pages	2003
Jiban 	349 Pages	2015
Essence of Manu 	217 Pages	2017
Yajnavalkya 	471 Pages	2017
Essence of Manu 	217 Pages	2017
Jiban 	349 Pages	2015
<b>Smriti</b>	125 Pages	2016
Tender for Design, Construction, Erection, Commissioning, Trial Run of 1 MLD STP at 	294 Pages	2016
1 ESSENCE OF MANU 	217 Pages	2017
Jiban-	310 Pages	2016
swa.gulab bai yadav 	170 Pages	2015
Essence of Bharat Yatra 	149 Pages	2015
Intimate Partner Violence in Long-term Relationships of Older Adults by 	137 Pages	2015
ABSTRACT PEHIM LIMBU, 	224 Pages	2017
c 2017 	146 Pages	2017
Essence of Bharat Yatra 	149 Pages	2015
Yajnavalkya 	476 Pages	2010
JANUARY 2016 Govt. Sanjay Gandhi 	227 Pages	2016
Manu 	274 Pages	2007
Vishnu 	336 Pages	2003
Major Training Report Training Report At 	50 Pages	2003
Jiban 	349 Pages	2015
Essence of Manu 	217 Pages	2017
Yajnavalkya 	471 Pages	2017
Essence of Manu 	217 Pages	2017
Jiban 	349 Pages	2015
<b>Smriti</b>	125 Pages	2016
Tender for Design, Construction, Erection, Commissioning, Trial Run of 1 MLD STP at 	294 Pages	2016
1 ESSENCE OF MANU 	217 Pages	2017
Jiban-	310 Pages	2016
swa.gulab bai yadav 	170 Pages	2015
Essence of Bharat Yatra 	149 Pages	2015
Intimate Partner Violence in Long-term Relationships of Older Adults by 	137 Pages	2015
ABSTRACT PEHIM LIMBU, 	224 Pages	2017
c 2017 	146 Pages	2017
Essence of Bharat Yatra 	149 Pages	2015
Yajnavalkya 	476 Pages	2010
JANUARY 2016 Govt. Sanjay Gandhi 	227 Pages	2016
Manu 	274 Pages	2007
Vishnu 	336 Pages	2003
Major Training Report Training Report At 	50 Pages	2003
Jiban 	349 Pages	2015
Essence of Manu 	217 Pages	2017
Yajnavalkya 	471 Pages	2017
Essence of Manu 	217 Pages	2017
Jiban 	349 Pages	2015
<b>Smriti</b>	125 Pages	2016
Tender for Design, Construction, Erection, Commissioning, Trial Run of 1 MLD STP at 	294 Pages	2016
1 ESSENCE OF MANU 	217 Pages	2017
Jiban-	310 Pages	2016
swa.gulab bai yadav 	170 Pages	2015
Essence of Bharat Yatra 	149 Pages	2015
Intimate Partner Violence in Long-term Relationships of Older Adults by 	137 Pages	2015
ABSTRACT PEHIM LIMBU, 	224 Pages	2017
c 2017 	146 Pages	2017
Essence of Bharat Yatra 	149 Pages	2015
Yajnavalkya 	476 Pages	2010
JANUARY 2016 Govt. Sanjay Gandhi 	227 Pages	2016
Manu 	274 Pages	2007
Vishnu 	336 Pages	2003
Major Training Report Training Report At 	50 Pages	2003
Jiban 	349 Pages	2015
Essence of Manu 	217 Pages	2017
Yajnavalkya 	471 Pages	2017
Essence of Manu 	217 Pages	2017
Jiban 	349 Pages	2015
<b>Smriti</b>	125 Pages	2016
Tender for Design, Construction, Erection, Commissioning, Trial Run of 1 MLD STP at 	294 Pages	2016
1 ESSENCE OF MANU 	217 Pages	2017
Jiban-	310 Pages	2016
swa.gulab bai yadav 	170 Pages	2015
Essence of Bharat Yatra 	149 Pages	2015
Intimate Partner Violence in Long-term Relationships of Older Adults by 	137 Pages	2015
ABSTRACT PEHIM LIMBU, 	224 Pages	2017
c 2017 	146 Pages	2017
Essence of Bharat Yatra 	149 Pages	2015
Yajnavalkya 	476 Pages	2010
JANUARY 2016 Govt. Sanjay Gandhi 	227 Pages	2016
