CHAPTER FOUR Mandukya 	49 Pages	2017
MANDUKYA 	331 Pages	2015
The Character of the Self in Ancient India Priest, Kings, and Women in the Early 	240 Pages	2010
The Doctrine of Chanted Language in the Chandogya 	320 Pages	2014
an analysis of the second chapter of the bhagavad gita from an 	168 Pages	2012
Martin Buber and the 	139 Pages	2013
The Philosophy Of The 	190 Pages	2014
The Jaiminiya or Talavakara 	183 Pages	2005
an analysis of the second chapter of the bhagavad gita from an 	168 Pages	2012
Page 1 THE BRHADARANYAKA 	987 Pages	2010
corpo e conhecimento no timeu e no brhadaranyaka-	256 Pages	2017
The Philosophy of the 	162 Pages	2006
THE 	75 Pages	2015
la mahà nàrâyana 	70 Pages	1998
Svetasvatara 	65 Pages	2011
Svetasvatara 	65 Pages	2011
What the 	56 Pages	2010
What the 	56 Pages	2008
What the 	56 Pages	2010
i naturaleza del yo en el vedùnta advaita	587 Pages	2004
CHAPTER FOUR Mandukya 	49 Pages	2017
MANDUKYA 	331 Pages	2015
The Character of the Self in Ancient India Priest, Kings, and Women in the Early 	240 Pages	2010
The Doctrine of Chanted Language in the Chandogya 	320 Pages	2014
an analysis of the second chapter of the bhagavad gita from an 	168 Pages	2012
Martin Buber and the 	139 Pages	2013
The Philosophy Of The 	190 Pages	2014
The Jaiminiya or Talavakara 	183 Pages	2005
an analysis of the second chapter of the bhagavad gita from an 	168 Pages	2012
Page 1 THE BRHADARANYAKA 	987 Pages	2010
corpo e conhecimento no timeu e no brhadaranyaka-	256 Pages	2017
The Philosophy of the 	162 Pages	2006
THE 	75 Pages	2015
la mahà nàrâyana 	70 Pages	1998
Svetasvatara 	65 Pages	2011
Svetasvatara 	65 Pages	2011
What the 	56 Pages	2010
What the 	56 Pages	2008
What the 	56 Pages	2010
i naturaleza del yo en el vedùnta advaita	587 Pages	2004
CHAPTER FOUR Mandukya 	49 Pages	2017
MANDUKYA 	331 Pages	2015
The Character of the Self in Ancient India Priest, Kings, and Women in the Early 	240 Pages	2010
The Doctrine of Chanted Language in the Chandogya 	320 Pages	2014
an analysis of the second chapter of the bhagavad gita from an 	168 Pages	2012
Martin Buber and the 	139 Pages	2013
The Philosophy Of The 	190 Pages	2014
The Jaiminiya or Talavakara 	183 Pages	2005
an analysis of the second chapter of the bhagavad gita from an 	168 Pages	2012
Page 1 THE BRHADARANYAKA 	987 Pages	2010
corpo e conhecimento no timeu e no brhadaranyaka-	256 Pages	2017
The Philosophy of the 	162 Pages	2006
THE 	75 Pages	2015
la mahà nàrâyana 	70 Pages	1998
Svetasvatara 	65 Pages	2011
Svetasvatara 	65 Pages	2011
What the 	56 Pages	2010
What the 	56 Pages	2008
What the 	56 Pages	2010
i naturaleza del yo en el vedùnta advaita	587 Pages	2004
CHAPTER FOUR Mandukya 	49 Pages	2017
MANDUKYA 	331 Pages	2015
The Character of the Self in Ancient India Priest, Kings, and Women in the Early 	240 Pages	2010
The Doctrine of Chanted Language in the Chandogya 	320 Pages	2014
an analysis of the second chapter of the bhagavad gita from an 	168 Pages	2012
Martin Buber and the 	139 Pages	2013
The Philosophy Of The 	190 Pages	2014
The Jaiminiya or Talavakara 	183 Pages	2005
an analysis of the second chapter of the bhagavad gita from an 	168 Pages	2012
Page 1 THE BRHADARANYAKA 	987 Pages	2010
corpo e conhecimento no timeu e no brhadaranyaka-	256 Pages	2017
The Philosophy of the 	162 Pages	2006
THE 	75 Pages	2015
la mahà nàrâyana 	70 Pages	1998
Svetasvatara 	65 Pages	2011
Svetasvatara 	65 Pages	2011
What the 	56 Pages	2010
What the 	56 Pages	2008
What the 	56 Pages	2010
i naturaleza del yo en el vedùnta advaita	587 Pages	2004
CHAPTER FOUR Mandukya 	49 Pages	2017
MANDUKYA 	331 Pages	2015
The Character of the Self in Ancient India Priest, Kings, and Women in the Early 	240 Pages	2010
The Doctrine of Chanted Language in the Chandogya 	320 Pages	2014
an analysis of the second chapter of the bhagavad gita from an 	168 Pages	2012
Martin Buber and the 	139 Pages	2013
The Philosophy Of The 	190 Pages	2014
The Jaiminiya or Talavakara 	183 Pages	2005
an analysis of the second chapter of the bhagavad gita from an 	168 Pages	2012
Page 1 THE BRHADARANYAKA 	987 Pages	2010
corpo e conhecimento no timeu e no brhadaranyaka-	256 Pages	2017
The Philosophy of the 	162 Pages	2006
THE 	75 Pages	2015
la mahà nàrâyana 	70 Pages	1998
Svetasvatara 	65 Pages	2011
Svetasvatara 	65 Pages	2011
What the 	56 Pages	2010
What the 	56 Pages	2008
What the 	56 Pages	2010
i naturaleza del yo en el vedùnta advaita	587 Pages	2004
CHAPTER FOUR Mandukya 	49 Pages	2017
MANDUKYA 	331 Pages	2015
The Character of the Self in Ancient India Priest, Kings, and Women in the Early 	240 Pages	2010
The Doctrine of Chanted Language in the Chandogya 	320 Pages	2014
an analysis of the second chapter of the bhagavad gita from an 	168 Pages	2012
Martin Buber and the 	139 Pages	2013
The Philosophy Of The 	190 Pages	2014
The Jaiminiya or Talavakara 	183 Pages	2005
an analysis of the second chapter of the bhagavad gita from an 	168 Pages	2012
Page 1 THE BRHADARANYAKA 	987 Pages	2010
corpo e conhecimento no timeu e no brhadaranyaka-	256 Pages	2017
The Philosophy of the 	162 Pages	2006
THE 	75 Pages	2015
la mahà nàrâyana 	70 Pages	1998
Svetasvatara 	65 Pages	2011
Svetasvatara 	65 Pages	2011
What the 	56 Pages	2010
What the 	56 Pages	2008
What the 	56 Pages	2010
i naturaleza del yo en el vedùnta advaita	587 Pages	2004
CHAPTER FOUR Mandukya 	49 Pages	2017
MANDUKYA 	331 Pages	2015
The Character of the Self in Ancient India Priest, Kings, and Women in the Early 	240 Pages	2010
The Doctrine of Chanted Language in the Chandogya 	320 Pages	2014
an analysis of the second chapter of the bhagavad gita from an 	168 Pages	2012
Martin Buber and the 	139 Pages	2013
The Philosophy Of The 	190 Pages	2014
The Jaiminiya or Talavakara 	183 Pages	2005
an analysis of the second chapter of the bhagavad gita from an 	168 Pages	2012
Page 1 THE BRHADARANYAKA 	987 Pages	2010
corpo e conhecimento no timeu e no brhadaranyaka-	256 Pages	2017
The Philosophy of the 	162 Pages	2006
THE 	75 Pages	2015
la mahà nàrâyana 	70 Pages	1998
Svetasvatara 	65 Pages	2011
Svetasvatara 	65 Pages	2011
What the 	56 Pages	2010
What the 	56 Pages	2008
What the 	56 Pages	2010
i naturaleza del yo en el vedùnta advaita	587 Pages	2004
CHAPTER FOUR Mandukya 	49 Pages	2017
MANDUKYA 	331 Pages	2015
The Character of the Self in Ancient India Priest, Kings, and Women in the Early 	240 Pages	2010
The Doctrine of Chanted Language in the Chandogya 	320 Pages	2014
an analysis of the second chapter of the bhagavad gita from an 	168 Pages	2012
Martin Buber and the 	139 Pages	2013
The Philosophy Of The 	190 Pages	2014
The Jaiminiya or Talavakara 	183 Pages	2005
an analysis of the second chapter of the bhagavad gita from an 	168 Pages	2012
Page 1 THE BRHADARANYAKA 	987 Pages	2010
corpo e conhecimento no timeu e no brhadaranyaka-	256 Pages	2017
The Philosophy of the 	162 Pages	2006
THE 	75 Pages	2015
la mahà nàrâyana 	70 Pages	1998
Svetasvatara 	65 Pages	2011
Svetasvatara 	65 Pages	2011
What the 	56 Pages	2010
What the 	56 Pages	2008
What the 	56 Pages	2010
i naturaleza del yo en el vedùnta advaita	587 Pages	2004
CHAPTER FOUR Mandukya 	49 Pages	2017
MANDUKYA 	331 Pages	2015
The Character of the Self in Ancient India Priest, Kings, and Women in the Early 	240 Pages	2010
The Doctrine of Chanted Language in the Chandogya 	320 Pages	2014
an analysis of the second chapter of the bhagavad gita from an 	168 Pages	2012
Martin Buber and the 	139 Pages	2013
The Philosophy Of The 	190 Pages	2014
The Jaiminiya or Talavakara 	183 Pages	2005
an analysis of the second chapter of the bhagavad gita from an 	168 Pages	2012
Page 1 THE BRHADARANYAKA 	987 Pages	2010
corpo e conhecimento no timeu e no brhadaranyaka-	256 Pages	2017
The Philosophy of the 	162 Pages	2006
THE 	75 Pages	2015
la mahà nàrâyana 	70 Pages	1998
Svetasvatara 	65 Pages	2011
Svetasvatara 	65 Pages	2011
What the 	56 Pages	2010
What the 	56 Pages	2008
What the 	56 Pages	2010
i naturaleza del yo en el vedùnta advaita	587 Pages	2004
CHAPTER FOUR Mandukya 	49 Pages	2017
MANDUKYA 	331 Pages	2015
The Character of the Self in Ancient India Priest, Kings, and Women in the Early 	240 Pages	2010
The Doctrine of Chanted Language in the Chandogya 	320 Pages	2014
an analysis of the second chapter of the bhagavad gita from an 	168 Pages	2012
Martin Buber and the 	139 Pages	2013
The Philosophy Of The 	190 Pages	2014
The Jaiminiya or Talavakara 	183 Pages	2005
an analysis of the second chapter of the bhagavad gita from an 	168 Pages	2012
Page 1 THE BRHADARANYAKA 	987 Pages	2010
corpo e conhecimento no timeu e no brhadaranyaka-	256 Pages	2017
The Philosophy of the 	162 Pages	2006
THE 	75 Pages	2015
la mahà nàrâyana 	70 Pages	1998
Svetasvatara 	65 Pages	2011
Svetasvatara 	65 Pages	2011
What the 	56 Pages	2010
What the 	56 Pages	2008
What the 	56 Pages	2010
i naturaleza del yo en el vedùnta advaita	587 Pages	2004
CHAPTER FOUR Mandukya 	49 Pages	2017
MANDUKYA 	331 Pages	2015
The Character of the Self in Ancient India Priest, Kings, and Women in the Early 	240 Pages	2010
The Doctrine of Chanted Language in the Chandogya 	320 Pages	2014
an analysis of the second chapter of the bhagavad gita from an 	168 Pages	2012
Martin Buber and the 	139 Pages	2013
The Philosophy Of The 	190 Pages	2014
The Jaiminiya or Talavakara 	183 Pages	2005
an analysis of the second chapter of the bhagavad gita from an 	168 Pages	2012
Page 1 THE BRHADARANYAKA 	987 Pages	2010
corpo e conhecimento no timeu e no brhadaranyaka-	256 Pages	2017
The Philosophy of the 	162 Pages	2006
THE 	75 Pages	2015
la mahà nàrâyana 	70 Pages	1998
Svetasvatara 	65 Pages	2011
Svetasvatara 	65 Pages	2011
What the 	56 Pages	2010
What the 	56 Pages	2008
What the 	56 Pages	2010
i naturaleza del yo en el vedùnta advaita	587 Pages	2004
CHAPTER FOUR Mandukya 	49 Pages	2017
MANDUKYA 	331 Pages	2015
The Character of the Self in Ancient India Priest, Kings, and Women in the Early 	240 Pages	2010
The Doctrine of Chanted Language in the Chandogya 	320 Pages	2014
an analysis of the second chapter of the bhagavad gita from an 	168 Pages	2012
Martin Buber and the 	139 Pages	2013
The Philosophy Of The 	190 Pages	2014
The Jaiminiya or Talavakara 	183 Pages	2005
an analysis of the second chapter of the bhagavad gita from an 	168 Pages	2012
Page 1 THE BRHADARANYAKA 	987 Pages	2010
corpo e conhecimento no timeu e no brhadaranyaka-	256 Pages	2017
The Philosophy of the 	162 Pages	2006
THE 	75 Pages	2015
la mahà nàrâyana 	70 Pages	1998
Svetasvatara 	65 Pages	2011
Svetasvatara 	65 Pages	2011
What the 	56 Pages	2010
What the 	56 Pages	2008
What the 	56 Pages	2010
i naturaleza del yo en el vedùnta advaita	587 Pages	2004
CHAPTER FOUR Mandukya 	49 Pages	2017
MANDUKYA 	331 Pages	2015
The Character of the Self in Ancient India Priest, Kings, and Women in the Early 	240 Pages	2010
The Doctrine of Chanted Language in the Chandogya 	320 Pages	2014
an analysis of the second chapter of the bhagavad gita from an 	168 Pages	2012
Martin Buber and the 	139 Pages	2013
The Philosophy Of The 	190 Pages	2014
The Jaiminiya or Talavakara 	183 Pages	2005
an analysis of the second chapter of the bhagavad gita from an 	168 Pages	2012
Page 1 THE BRHADARANYAKA 	987 Pages	2010
corpo e conhecimento no timeu e no brhadaranyaka-	256 Pages	2017
The Philosophy of the 	162 Pages	2006
THE 	75 Pages	2015
la mahà nàrâyana 	70 Pages	1998
Svetasvatara 	65 Pages	2011
Svetasvatara 	65 Pages	2011
What the 	56 Pages	2010
What the 	56 Pages	2008
What the 	56 Pages	2010
i naturaleza del yo en el vedùnta advaita	587 Pages	2004
CHAPTER FOUR Mandukya 	49 Pages	2017
MANDUKYA 	331 Pages	2015
The Character of the Self in Ancient India Priest, Kings, and Women in the Early 	240 Pages	2010
The Doctrine of Chanted Language in the Chandogya 	320 Pages	2014
an analysis of the second chapter of the bhagavad gita from an 	168 Pages	2012
Martin Buber and the 	139 Pages	2013
The Philosophy Of The 	190 Pages	2014
The Jaiminiya or Talavakara 	183 Pages	2005
an analysis of the second chapter of the bhagavad gita from an 	168 Pages	2012
Page 1 THE BRHADARANYAKA 	987 Pages	2010
corpo e conhecimento no timeu e no brhadaranyaka-	256 Pages	2017
The Philosophy of the 	162 Pages	2006
THE 	75 Pages	2015
la mahà nàrâyana 	70 Pages	1998
Svetasvatara 	65 Pages	2011
Svetasvatara 	65 Pages	2011
What the 	56 Pages	2010
What the 	56 Pages	2008
What the 	56 Pages	2010
i naturaleza del yo en el vedùnta advaita	587 Pages	2004
CHAPTER FOUR Mandukya 	49 Pages	2017
MANDUKYA 	331 Pages	2015
The Character of the Self in Ancient India Priest, Kings, and Women in the Early 	240 Pages	2010
The Doctrine of Chanted Language in the Chandogya 	320 Pages	2014
an analysis of the second chapter of the bhagavad gita from an 	168 Pages	2012
Martin Buber and the 	139 Pages	2013
The Philosophy Of The 	190 Pages	2014
The Jaiminiya or Talavakara 	183 Pages	2005
an analysis of the second chapter of the bhagavad gita from an 	168 Pages	2012
Page 1 THE BRHADARANYAKA 	987 Pages	2010
corpo e conhecimento no timeu e no brhadaranyaka-	256 Pages	2017
The Philosophy of the 	162 Pages	2006
THE 	75 Pages	2015
la mahà nàrâyana 	70 Pages	1998
Svetasvatara 	65 Pages	2011
Svetasvatara 	65 Pages	2011
What the 	56 Pages	2010
What the 	56 Pages	2008
What the 	56 Pages	2010
i naturaleza del yo en el vedùnta advaita	587 Pages	2004
CHAPTER FOUR Mandukya 	49 Pages	2017
MANDUKYA 	331 Pages	2015
The Character of the Self in Ancient India Priest, Kings, and Women in the Early 	240 Pages	2010
The Doctrine of Chanted Language in the Chandogya 	320 Pages	2014
an analysis of the second chapter of the bhagavad gita from an 	168 Pages	2012
Martin Buber and the 	139 Pages	2013
The Philosophy Of The 	190 Pages	2014
The Jaiminiya or Talavakara 	183 Pages	2005
an analysis of the second chapter of the bhagavad gita from an 	168 Pages	2012
Page 1 THE BRHADARANYAKA 	987 Pages	2010
corpo e conhecimento no timeu e no brhadaranyaka-	256 Pages	2017
The Philosophy of the 	162 Pages	2006
THE 	75 Pages	2015
la mahà nàrâyana 	70 Pages	1998
Svetasvatara 	65 Pages	2011
Svetasvatara 	65 Pages	2011
What the 	56 Pages	2010
What the 	56 Pages	2008
What the 	56 Pages	2010
i naturaleza del yo en el vedùnta advaita	587 Pages	2004
CHAPTER FOUR Mandukya 	49 Pages	2017
MANDUKYA 	331 Pages	2015
The Character of the Self in Ancient India Priest, Kings, and Women in the Early 	240 Pages	2010
The Doctrine of Chanted Language in the Chandogya 	320 Pages	2014
an analysis of the second chapter of the bhagavad gita from an 	168 Pages	2012
Martin Buber and the 	139 Pages	2013
The Philosophy Of The 	190 Pages	2014
The Jaiminiya or Talavakara 	183 Pages	2005
an analysis of the second chapter of the bhagavad gita from an 	168 Pages	2012
Page 1 THE BRHADARANYAKA 	987 Pages	2010
corpo e conhecimento no timeu e no brhadaranyaka-	256 Pages	2017
The Philosophy of the 	162 Pages	2006
THE 	75 Pages	2015
la mahà nàrâyana 	70 Pages	1998
Svetasvatara 	65 Pages	2011
Svetasvatara 	65 Pages	2011
What the 	56 Pages	2010
What the 	56 Pages	2008
What the 	56 Pages	2010
i naturaleza del yo en el vedùnta advaita	587 Pages	2004
CHAPTER FOUR Mandukya 	49 Pages	2017
MANDUKYA 	331 Pages	2015
The Character of the Self in Ancient India Priest, Kings, and Women in the Early 	240 Pages	2010
The Doctrine of Chanted Language in the Chandogya 	320 Pages	2014
an analysis of the second chapter of the bhagavad gita from an 	168 Pages	2012
Martin Buber and the 	139 Pages	2013
The Philosophy Of The 	190 Pages	2014
The Jaiminiya or Talavakara 	183 Pages	2005
an analysis of the second chapter of the bhagavad gita from an 	168 Pages	2012
Page 1 THE BRHADARANYAKA 	987 Pages	2010
corpo e conhecimento no timeu e no brhadaranyaka-	256 Pages	2017
The Philosophy of the 	162 Pages	2006
THE 	75 Pages	2015
la mahà nàrâyana 	70 Pages	1998
Svetasvatara 	65 Pages	2011
Svetasvatara 	65 Pages	2011
What the 	56 Pages	2010
What the 	56 Pages	2008
What the 	56 Pages	2010
i naturaleza del yo en el vedùnta advaita	587 Pages	2004
